File ID,Renamed Markdown filename,File title,WordPress page title,Planned WordPress slug,Raw Markdown filename,Raw Markdown URL,Publication status,Legacy page replaced,Archive pointer,Notes,Current internal version
File_00,File_00.Repository_Foundation_Axiom_Engine_Source_Map.md,"Repository Foundation, Axiom Engine, and Source Map","Repository Foundation, Axiom Engine, and Source Map",/file-00-repository-foundation-axiom-engine-source-map/,File_00.Repository_Foundation_Axiom_Engine_Source_Map.md,https://490d.com/source/490d-unified-chronology/File_00.Repository_Foundation_Axiom_Engine_Source_Map.md,Raw Markdown linked,TBD,Repository_Change_Archive,Public-clean source; trust-status equalized; raw Markdown URL live; WordPress landing page live.,Final; see in-file Status line
File_01,File_01.Abraham_Gen20_Fractal_Pivot.md,Abraham — Patriarch Generation 20 and the Fractal Pivot,Abraham — Patriarch Generation 20 and the Fractal Pivot,/file-01-abraham-gen20-fractal-pivot/,File_01.Abraham_Gen20_Fractal_Pivot.md,https://490d.com/source/490d-unified-chronology/File_01.Abraham_Gen20_Fractal_Pivot.md,Raw Markdown linked,TBD,Repository_Change_Archive,Public-clean source; trust-status equalized; raw Markdown URL live; WordPress landing page live.,Final; see in-file Status line
File_02,File_02.Flood_Sumerian_Integration.md,The Flood and Sumerian Integration,The Flood and Sumerian Integration,/file-02-flood-sumerian-integration/,File_02.Flood_Sumerian_Integration.md,https://490d.com/source/490d-unified-chronology/File_02.Flood_Sumerian_Integration.md,Raw Markdown linked,TBD,Repository_Change_Archive,Public-clean source; trust-status equalized; raw Markdown URL live; WordPress landing page live.,Final; see in-file Status line
File_03,File_03.Joseph_Entity_Chronology.md,Entity: JOSEPH,Entity: JOSEPH,/file-03-joseph-entity-chronology/,File_03.Joseph_Entity_Chronology.md,https://490d.com/source/490d-unified-chronology/File_03.Joseph_Entity_Chronology.md,Raw Markdown linked,TBD,Repository_Change_Archive,Public-clean source; trust-status equalized; raw Markdown URL live; WordPress landing page live.,Final; see in-file Status line
File_04,File_04.Jacob_Jubilee_Standard_LXX_33_397_Sojourn.md,Jacob as Jubilee Standard and the LXX 33 + 397 Sojourn Interpretation,Jacob as Jubilee Standard and the LXX 33 + 397 Sojourn Interpretation,/file-04-jacob-jubilee-standard-lxx-33-397-sojourn/,File_04.Jacob_Jubilee_Standard_LXX_33_397_Sojourn.md,https://490d.com/source/490d-unified-chronology/File_04.Jacob_Jubilee_Standard_LXX_33_397_Sojourn.md,Raw Markdown linked,TBD,Repository_Change_Archive,Public-clean source; trust-status equalized; raw Markdown URL live; WordPress landing page live.,Final; see in-file Status line
File_05,File_05.Exodus_Target_Fulcrum_Anchor.md,The Exodus as Target and Fulcrum Anchor,The Exodus as Target and Fulcrum Anchor,/file-05-exodus-target-fulcrum-anchor/,File_05.Exodus_Target_Fulcrum_Anchor.md,https://490d.com/source/490d-unified-chronology/File_05.Exodus_Target_Fulcrum_Anchor.md,Raw Markdown linked,TBD,Repository_Change_Archive,Public-clean source; trust-status equalized; raw Markdown URL live; WordPress landing page live.,Final; see in-file Status line
File_06,File_06.Judges_Bridge.md,The Judges Bridge,The Judges Bridge,/file-06-judges-bridge/,File_06.Judges_Bridge.md,https://490d.com/source/490d-unified-chronology/File_06.Judges_Bridge.md,Raw Markdown linked,TBD,Repository_Change_Archive,Public-clean source; trust-status equalized; raw Markdown URL live; WordPress landing page live.,Final; see in-file Status line
File_07,File_07.Creation_Seed_Decimal_Root.md,Creation — The Seed and Decimal Root,Creation — The Seed and Decimal Root,/file-07-creation-seed-decimal-root/,File_07.Creation_Seed_Decimal_Root.md,https://490d.com/source/490d-unified-chronology/File_07.Creation_Seed_Decimal_Root.md,Raw Markdown linked,TBD,Repository_Change_Archive,"Public-clean source; trust-status equalized; raw Markdown URL live; WordPress landing page live. File_56 SP Day-4 phase-anchor cross-file amendment applied to §1, July 2026; focused pressure test pending.",Final; see in-file Status line
File_08,File_08.Kings_Resolution.md,The Kings — The Resolution,The Kings — The Resolution,/file-08-kings-resolution/,File_08.Kings_Resolution.md,https://490d.com/source/490d-unified-chronology/File_08.Kings_Resolution.md,Raw Markdown linked,TBD,Repository_Change_Archive,Public-clean source; trust-status equalized; raw Markdown URL live; WordPress landing page live.,Final; see in-file Status line
File_09,File_09.Cumulative_Architecture.md,Cumulative Architecture,Cumulative Architecture,/file-09-cumulative-architecture/,File_09.Cumulative_Architecture.md,https://490d.com/source/490d-unified-chronology/File_09.Cumulative_Architecture.md,Raw Markdown linked,TBD,Repository_Change_Archive,Public-clean source; trust-status equalized; raw Markdown URL live; WordPress landing page live.,Final; see in-file Status line
File_10,File_10.External_Validation_SKL.md,External Validation — SKL,External Validation — SKL,/file-10-external-validation-skl/,File_10.External_Validation_SKL.md,https://490d.com/source/490d-unified-chronology/File_10.External_Validation_SKL.md,Raw Markdown linked,TBD,Repository_Change_Archive,Public-clean source; trust-status equalized; raw Markdown URL live; WordPress landing page live.,Final; see in-file Status line
File_11,File_11.Three_Gear_Protocol_Harmonic_Engine.md,The Three-Gear Protocol and Harmonic Engine,The Three-Gear Protocol and Harmonic Engine,/file-11-three-gear-protocol-harmonic-engine/,File_11.Three_Gear_Protocol_Harmonic_Engine.md,https://490d.com/source/490d-unified-chronology/File_11.Three_Gear_Protocol_Harmonic_Engine.md,Raw Markdown linked,TBD,Repository_Change_Archive,Public-clean source; trust-status equalized; raw Markdown URL live; WordPress landing page live.,Final; see in-file Status line
File_12,File_12.Calendrical_Physics.md,Calendrical Physics,Calendrical Physics,/file-12-calendrical-physics/,File_12.Calendrical_Physics.md,https://490d.com/source/490d-unified-chronology/File_12.Calendrical_Physics.md,Raw Markdown linked,TBD,Repository_Change_Archive,Public-clean source; trust-status equalized; raw Markdown URL live; WordPress landing page live. File_56 bibliography-vector amendment (Jaubert; divided-witness note) applied July 2026; focused pressure test pending.,Final; see in-file Status line
File_13,File_13.Christological_Matrix.md,Christological Matrix,Christological Matrix,/file-13-christological-matrix/,File_13.Christological_Matrix.md,https://490d.com/source/490d-unified-chronology/File_13.Christological_Matrix.md,Raw Markdown linked,TBD,Repository_Change_Archive,Public-clean source; trust-status equalized; raw Markdown URL live; WordPress landing page live.,Final; see in-file Status line
File_14,File_14.Biological_Numerical_Fractals.md,Biological and Numerical Fractals,Biological and Numerical Fractals,/file-14-biological-numerical-fractals/,File_14.Biological_Numerical_Fractals.md,https://490d.com/source/490d-unified-chronology/File_14.Biological_Numerical_Fractals.md,Raw Markdown linked,TBD,Repository_Change_Archive,Public-clean source; trust-status equalized; raw Markdown URL live; WordPress landing page live.,Final; see in-file Status line
File_15,File_15.Generational_Axiom.md,The Generational Axiom,The Generational Axiom,/file-15-generational-axiom/,File_15.Generational_Axiom.md,https://490d.com/source/490d-unified-chronology/File_15.Generational_Axiom.md,Raw Markdown linked,TBD,Repository_Change_Archive,Public-clean source; trust-status equalized; raw Markdown URL live; WordPress landing page live.,Final; see in-file Status line
File_16,File_16.1876_BC_Nexus.md,The 1876 BC Nexus,The 1876 BC Nexus,/file-16-1876-bc-nexus/,File_16.1876_BC_Nexus.md,https://490d.com/source/490d-unified-chronology/File_16.1876_BC_Nexus.md,Raw Markdown linked,TBD,Repository_Change_Archive,Public-clean source; trust-status equalized; raw Markdown URL live; WordPress landing page live.,Final; see in-file Status line
File_17,File_17.Prophetic_Time_Span_Anatomy.md,Prophetic Time Span Anatomy,Prophetic Time Span Anatomy,/file-17-prophetic-time-span-anatomy/,File_17.Prophetic_Time_Span_Anatomy.md,https://490d.com/source/490d-unified-chronology/File_17.Prophetic_Time_Span_Anatomy.md,Raw Markdown linked,TBD,Repository_Change_Archive,Public-clean source; trust-status equalized; raw Markdown URL live; WordPress landing page live.,Final; see in-file Status line
File_18,File_18.Chronological_Data_Tables.md,Chronological Data Tables,Chronological Data Tables,/file-18-chronological-data-tables/,File_18.Chronological_Data_Tables.md,https://490d.com/source/490d-unified-chronology/File_18.Chronological_Data_Tables.md,Raw Markdown linked,TBD,Repository_Change_Archive,Public-clean source; trust-status equalized; raw Markdown URL live; WordPress landing page live. File_56 §6C.1 phase-anchor amendment applied July 2026; focused pressure test pending.,Final; see in-file Status line
File_19,File_19.Hezekiah_Prophetic_Complex.md,The Hezekiah Prophetic Complex,The Hezekiah Prophetic Complex,/file-19-hezekiah-prophetic-complex/,File_19.Hezekiah_Prophetic_Complex.md,https://490d.com/source/490d-unified-chronology/File_19.Hezekiah_Prophetic_Complex.md,Raw Markdown linked,TBD,Repository_Change_Archive,Public-clean source; trust-status equalized; raw Markdown URL live; WordPress landing page live.,Final; see in-file Status line
File_20,File_20.Jubilees_Fourth_Witness.md,The Book of Jubilees as Fourth Chronological Witness,The Book of Jubilees as Fourth Chronological Witness,/file-20-jubilees-fourth-witness/,File_20.Jubilees_Fourth_Witness.md,https://490d.com/source/490d-unified-chronology/File_20.Jubilees_Fourth_Witness.md,Raw Markdown linked,TBD,Repository_Change_Archive,Public-clean source; trust-status equalized; raw Markdown URL live; WordPress landing page live.,Final; see in-file Status line
File_21,File_21.SKL_Unified_Protocol.md,SKL Unified Protocol,SKL Unified Protocol,/file-21-skl-unified-protocol/,File_21.SKL_Unified_Protocol.md,https://490d.com/source/490d-unified-chronology/File_21.SKL_Unified_Protocol.md,Raw Markdown linked,TBD,Repository_Change_Archive,Public-clean source; trust-status equalized; raw Markdown URL live; WordPress landing page live.,Final; see in-file Status line
File_22,File_22.Cumulative_MT_Harmonics.md,Cumulative MT Harmonics,Cumulative MT Harmonics,/file-22-cumulative-mt-harmonics/,File_22.Cumulative_MT_Harmonics.md,https://490d.com/source/490d-unified-chronology/File_22.Cumulative_MT_Harmonics.md,Raw Markdown linked,TBD,Repository_Change_Archive,Public-clean source; trust-status equalized; raw Markdown URL live; WordPress landing page live.,Final; see in-file Status line
File_23,File_23.Tebah_Protocol_Source_of_3_5.md,The Tebah Protocol — The Source of the 3.5,The Tebah Protocol — The Source of the 3.5,/file-23-tebah-protocol-source-of-3-5/,File_23.Tebah_Protocol_Source_of_3_5.md,https://490d.com/source/490d-unified-chronology/File_23.Tebah_Protocol_Source_of_3_5.md,Raw Markdown linked,TBD,Repository_Change_Archive,Public-clean source; trust-status equalized; raw Markdown URL live; WordPress landing page live.,Final; see in-file Status line
File_24,File_24.Kish_Dynasty_Cipher_En_Tarah_Ana_23_Kings.md,The First Dynasty of Kish Cipher — The En-Tarah-Ana Bridge and the 23 Kings Arrangement,The First Dynasty of Kish Cipher — The En-Tarah-Ana Bridge and the 23 Kings Arrangement,/file-24-kish-dynasty-cipher-en-tarah-ana-23-kings/,File_24.Kish_Dynasty_Cipher_En_Tarah_Ana_23_Kings.md,https://490d.com/source/490d-unified-chronology/File_24.Kish_Dynasty_Cipher_En_Tarah_Ana_23_Kings.md,Raw Markdown linked,TBD,Repository_Change_Archive,Public-clean source; trust-status equalized; raw Markdown URL live; WordPress landing page live.,Final; see in-file Status line
File_25,File_25.Law_of_Decimal_Invariance.md,The Law of Decimal Invariance,The Law of Decimal Invariance,/file-25-law-of-decimal-invariance/,File_25.Law_of_Decimal_Invariance.md,https://490d.com/source/490d-unified-chronology/File_25.Law_of_Decimal_Invariance.md,Raw Markdown linked,TBD,Repository_Change_Archive,Public-clean source; trust-status equalized; raw Markdown URL live; WordPress landing page live.,Final; see in-file Status line
File_26,File_26.Precessional_Bridge_430_432_Shift.md,The Precessional Bridge — The 430/432 Shift from 18726 BC,The Precessional Bridge — The 430/432 Shift from 18726 BC,/file-26-precessional-bridge-430-432-shift/,File_26.Precessional_Bridge_430_432_Shift.md,https://490d.com/source/490d-unified-chronology/File_26.Precessional_Bridge_430_432_Shift.md,Raw Markdown linked,TBD,Repository_Change_Archive,Public-clean source; trust-status equalized; raw Markdown URL live; WordPress landing page live.,Final; see in-file Status line
File_27,File_27.Cosmic_Gestation.md,The Cosmic Gestation,The Cosmic Gestation,/file-27-cosmic-gestation/,File_27.Cosmic_Gestation.md,https://490d.com/source/490d-unified-chronology/File_27.Cosmic_Gestation.md,Raw Markdown linked,TBD,Repository_Change_Archive,Public-clean source; trust-status equalized; raw Markdown URL live; WordPress landing page live.,Final; see in-file Status line
File_28,File_28.Deleted_Placeholder_Remainder_Protocol.md,Deleted Placeholder — The Remainder Protocol,Deleted Placeholder — The Remainder Protocol,/file-28-deleted-placeholder-remainder-protocol/,File_28.Deleted_Placeholder_Remainder_Protocol.md,https://490d.com/source/490d-unified-chronology/File_28.Deleted_Placeholder_Remainder_Protocol.md,Raw Markdown linked,TBD,Repository_Change_Archive,Public-clean source; trust-status equalized; raw Markdown URL live; WordPress landing page live.,Final; see in-file Status line
File_29,File_29.Reconciliation_Fractal.md,The Reconciliation Fractal,The Reconciliation Fractal,/file-29-reconciliation-fractal/,File_29.Reconciliation_Fractal.md,https://490d.com/source/490d-unified-chronology/File_29.Reconciliation_Fractal.md,Raw Markdown linked,TBD,Repository_Change_Archive,Public-clean source; trust-status equalized; raw Markdown URL live; WordPress landing page live.,Final; see in-file Status line
File_30,File_30.Alpha_Omega_Link_4900_4300_Master_Cycle.md,The Alpha-Omega Link — The 4900/4300 Master Cycle,The Alpha-Omega Link — The 4900/4300 Master Cycle,/file-30-alpha-omega-link-4900-4300-master-cycle/,File_30.Alpha_Omega_Link_4900_4300_Master_Cycle.md,https://490d.com/source/490d-unified-chronology/File_30.Alpha_Omega_Link_4900_4300_Master_Cycle.md,Raw Markdown linked,TBD,Repository_Change_Archive,Public-clean source; trust-status equalized; raw Markdown URL live; WordPress landing page live.,Final; see in-file Status line
File_31,File_31.Rod_of_Enoch.md,The Rod of Enoch,The Rod of Enoch,/file-31-rod-of-enoch/,File_31.Rod_of_Enoch.md,https://490d.com/source/490d-unified-chronology/File_31.Rod_of_Enoch.md,Raw Markdown linked,TBD,Repository_Change_Archive,Public-clean source; trust-status equalized; raw Markdown URL live; WordPress landing page live.,Final; see in-file Status line
File_32,File_32.Prime_Harmonic.md,The Prime Harmonic,The Prime Harmonic,/file-32-prime-harmonic/,File_32.Prime_Harmonic.md,https://490d.com/source/490d-unified-chronology/File_32.Prime_Harmonic.md,Raw Markdown linked,TBD,Repository_Change_Archive,Public-clean source; trust-status equalized; raw Markdown URL live; WordPress landing page live.,Final; see in-file Status line
File_33,File_33.Ordinal_Lock.md,The Ordinal Lock,The Ordinal Lock,/file-33-ordinal-lock/,File_33.Ordinal_Lock.md,https://490d.com/source/490d-unified-chronology/File_33.Ordinal_Lock.md,Raw Markdown linked,TBD,Repository_Change_Archive,Public-clean source; trust-status equalized; raw Markdown URL live; WordPress landing page live.,Final; see in-file Status line
File_34,File_34.Unified_Chronology_SKL_Berossus_Bible.md,"The Unified Chronology — Integrating Berossus, Sumer, and the Bible","The Unified Chronology — Integrating Berossus, Sumer, and the Bible",/file-34-unified-chronology-skl-berossus-bible/,File_34.Unified_Chronology_SKL_Berossus_Bible.md,https://490d.com/source/490d-unified-chronology/File_34.Unified_Chronology_SKL_Berossus_Bible.md,Raw Markdown linked,TBD,Repository_Change_Archive,Public-clean source; trust-status equalized; raw Markdown URL live; WordPress landing page live.,Final; see in-file Status line
File_35,File_35.Secondary_Solar_Synchronization.md,"Secondary Solar Synchronization — The 17-Chain Subsystem, the Half-Step Expansion n+0.5, and the Geometric Unification of P17 and P34","Secondary Solar Synchronization — The 17-Chain Subsystem, the Half-Step Expansion n+0.5, and the Geometric Unification of P17 and P34",/file-35-secondary-solar-synchronization/,File_35.Secondary_Solar_Synchronization.md,https://490d.com/source/490d-unified-chronology/File_35.Secondary_Solar_Synchronization.md,Raw Markdown linked,TBD,Repository_Change_Archive,Public-clean source; trust-status equalized; raw Markdown URL live; WordPress landing page live.,Final; see in-file Status line
File_36,File_36.Prime_Polarity_Target_Mirror_Lattice_Sextuplet_Scaffold.md,"The Prime-Polarity / Target-Mirror Lattice, Rare Clusters, and the Sextuplet Prophetic Scaffold","The Prime-Polarity / Target-Mirror Lattice, Rare Clusters, and the Sextuplet Prophetic Scaffold",/file-36-prime-polarity-target-mirror-lattice-sextuplet-scaffold/,File_36.Prime_Polarity_Target_Mirror_Lattice_Sextuplet_Scaffold.md,https://490d.com/source/490d-unified-chronology/File_36.Prime_Polarity_Target_Mirror_Lattice_Sextuplet_Scaffold.md,Raw Markdown linked,TBD,Repository_Change_Archive,Public-clean source; trust-status equalized; raw Markdown URL live; WordPress landing page live.,Final; see in-file Status line
File_37,File_37.P23_P46_P69_P92_Tetrad.md,"The P23-P46-P69-P92 Tetrad — Prime-Polarity, Key-of-23 Completion, and Shem Biography Locks","The P23-P46-P69-P92 Tetrad — Prime-Polarity, Key-of-23 Completion, and Shem Biography Locks",/file-37-p23-p46-p69-p92-tetrad/,File_37.P23_P46_P69_P92_Tetrad.md,https://490d.com/source/490d-unified-chronology/File_37.P23_P46_P69_P92_Tetrad.md,Raw Markdown linked,TBD,Repository_Change_Archive,Public-clean source; trust-status equalized; raw Markdown URL live; WordPress landing page live.,Final; see in-file Status line
File_38,File_38.Sextuplet_Engine.md,The Sextuplet Engine — The Geometric Origin of the Chronological Variants,The Sextuplet Engine — The Geometric Origin of the Chronological Variants,/file-38-sextuplet-engine/,File_38.Sextuplet_Engine.md,https://490d.com/source/490d-unified-chronology/File_38.Sextuplet_Engine.md,Raw Markdown linked,TBD,Repository_Change_Archive,Public-clean source; trust-status equalized; raw Markdown URL live; WordPress landing page live.,Final; see in-file Status line
File_39,File_39.Resonant_Lattice_Creation_Core.md,The Resonant Lattice and the Creation Core — The Sextuplet Zipper and the Seven Days of S-Primes,The Resonant Lattice and the Creation Core — The Sextuplet Zipper and the Seven Days of S-Primes,/file-39-resonant-lattice-creation-core/,File_39.Resonant_Lattice_Creation_Core.md,https://490d.com/source/490d-unified-chronology/File_39.Resonant_Lattice_Creation_Core.md,Raw Markdown linked,TBD,Repository_Change_Archive,Public-clean source; trust-status equalized; raw Markdown URL live; WordPress landing page live.,Final; see in-file Status line
File_40,File_40.Dimensional_Creation_Days_1_3_Sextuplet_Zipper_Mirror.md,The Dimensional Creation (Days 1–3) and the Sextuplet Zipper Mirror Rendering,The Dimensional Creation (Days 1–3) and the Sextuplet Zipper Mirror Rendering,/file-40-dimensional-creation-days-1-3-sextuplet-zipper-mirror/,File_40.Dimensional_Creation_Days_1_3_Sextuplet_Zipper_Mirror.md,https://490d.com/source/490d-unified-chronology/File_40.Dimensional_Creation_Days_1_3_Sextuplet_Zipper_Mirror.md,Raw Markdown linked,TBD,Repository_Change_Archive,Public-clean source; trust-status equalized; raw Markdown URL live; WordPress landing page live.,Final; see in-file Status line
File_41,File_41.Jachin_Mirror_Restoration_Anchor.md,The Jachin Mirror and the Restoration Anchor,The Jachin Mirror and the Restoration Anchor,/file-41-jachin-mirror-restoration-anchor/,File_41.Jachin_Mirror_Restoration_Anchor.md,https://490d.com/source/490d-unified-chronology/File_41.Jachin_Mirror_Restoration_Anchor.md,Raw Markdown linked,TBD,Repository_Change_Archive,Public-clean source; trust-status equalized; raw Markdown URL live; WordPress landing page live.,Final; see in-file Status line
File_42,File_42.Prime_Lattice_Foundations_Geometry_First.md,Prime Lattice Foundations — Geometry-First Derivation of the Early Prime-Quad Anchors (P1–P3),Prime Lattice Foundations — Geometry-First Derivation of the Early Prime-Quad Anchors (P1–P3),/file-42-prime-lattice-foundations-geometry-first/,File_42.Prime_Lattice_Foundations_Geometry_First.md,https://490d.com/source/490d-unified-chronology/File_42.Prime_Lattice_Foundations_Geometry_First.md,Raw Markdown linked,TBD,Repository_Change_Archive,Public-clean source; trust-status equalized; raw Markdown URL live; WordPress landing page live.,Final; see in-file Status line
File_43,File_43.Genealogical_Bridge.md,Genealogical Bridge,Genealogical Bridge,/file-43-genealogical-bridge/,File_43.Genealogical_Bridge.md,https://490d.com/source/490d-unified-chronology/File_43.Genealogical_Bridge.md,Raw Markdown linked,TBD,Repository_Change_Archive,Public-clean source; trust-status equalized; raw Markdown URL live; WordPress landing page live.,Final; see in-file Status line
File_44,File_44.Chronological_Scaling_Laws_10x_100x.md,Chronological Scaling Laws 10x / 100x,Chronological Scaling Laws 10x / 100x,/file-44-chronological-scaling-laws-10x-100x/,File_44.Chronological_Scaling_Laws_10x_100x.md,https://490d.com/source/490d-unified-chronology/File_44.Chronological_Scaling_Laws_10x_100x.md,Raw Markdown linked,TBD,Repository_Change_Archive,Public-clean source; trust-status equalized; raw Markdown URL live; WordPress landing page live.,Final; see in-file Status line
File_45,File_45.Superstructure_14000_1400_Fractal.md,Superstructure of the 14000 / 1400 Fractal,Superstructure of the 14000 / 1400 Fractal,/file-45-superstructure-14000-1400-fractal/,File_45.Superstructure_14000_1400_Fractal.md,https://490d.com/source/490d-unified-chronology/File_45.Superstructure_14000_1400_Fractal.md,Raw Markdown linked,TBD,Repository_Change_Archive,Public-clean source; trust-status equalized; raw Markdown URL live; WordPress landing page live.,Final; see in-file Status line
File_46,File_46.Harmonic_Expansion_Protocols.md,Harmonic Expansion Protocols — Expansion Operators on the 70-Year Genealogical Lattice,Harmonic Expansion Protocols — Expansion Operators on the 70-Year Genealogical Lattice,/file-46-harmonic-expansion-protocols/,File_46.Harmonic_Expansion_Protocols.md,https://490d.com/source/490d-unified-chronology/File_46.Harmonic_Expansion_Protocols.md,Raw Markdown linked,TBD,Repository_Change_Archive,Public-clean source; trust-status equalized; raw Markdown URL live; WordPress landing page live.,Final; see in-file Status line
File_47,File_47.Patriarchal_Pairing_Six_Birth_Pairs.md,Patriarchal Pairing System — Six Birth-Pairs from Noah to Jacob,Patriarchal Pairing System — Six Birth-Pairs from Noah to Jacob,/file-47-patriarchal-pairing-six-birth-pairs/,File_47.Patriarchal_Pairing_Six_Birth_Pairs.md,https://490d.com/source/490d-unified-chronology/File_47.Patriarchal_Pairing_Six_Birth_Pairs.md,Raw Markdown linked,TBD,Repository_Change_Archive,Public-clean source; trust-status equalized; raw Markdown URL live; WordPress landing page live.,Final; see in-file Status line
File_48,File_48.Cumulative_Prime_Harmonic.md,Cumulative Prime Harmonic,Cumulative Prime Harmonic,/file-48-cumulative-prime-harmonic/,File_48.Cumulative_Prime_Harmonic.md,https://490d.com/source/490d-unified-chronology/File_48.Cumulative_Prime_Harmonic.md,Raw Markdown linked,TBD,Repository_Change_Archive,Public-clean source; trust-status equalized; raw Markdown URL live; WordPress landing page live.,Final; see in-file Status line
File_49,File_49.Prime_Quadruplet_Cycle_Alignment_Test_Protocol.md,Prime-Quadruplet Cycle-Alignment Axiom and Test Protocol — Repository Summary and External-Source Pointer,Prime-Quadruplet Cycle-Alignment Axiom and Test Protocol — Repository Summary and External-Source Pointer,/file-49-prime-quadruplet-cycle-alignment-test-protocol/,File_49.Prime_Quadruplet_Cycle_Alignment_Test_Protocol.md,https://490d.com/source/490d-unified-chronology/File_49.Prime_Quadruplet_Cycle_Alignment_Test_Protocol.md,Raw Markdown linked,TBD,Repository_Change_Archive,Public-clean source; trust-status equalized; raw Markdown URL live; WordPress landing page live.,Final; see in-file Status line
File_50a_50b,File_50a_50b.Prime_Quadruplet_Naturalization_Unified_Harmonic.md,Prime Quadruplet Naturalization and Unified Harmonic System — Combined Summary and Source Pointer,Prime Quadruplet Naturalization and Unified Harmonic System — Combined Summary and Source Pointer,/file-50a-50b-prime-quadruplet-naturalization-unified-harmonic/,File_50a_50b.Prime_Quadruplet_Naturalization_Unified_Harmonic.md,https://490d.com/source/490d-unified-chronology/File_50a_50b.Prime_Quadruplet_Naturalization_Unified_Harmonic.md,Raw Markdown linked,TBD,Repository_Change_Archive,Public-clean source; trust-status equalized; raw Markdown URL live; WordPress landing page live.,Final; see in-file Status line
File_50c,File_50c.Bipartite_Grid_Landing_SKL_Berossus_Naturalization.md,The Bipartite Grid Landing and SKL/Berossus Naturalization,The Bipartite Grid Landing and SKL/Berossus Naturalization,/file-50c-bipartite-grid-landing-skl-berossus-naturalization/,File_50c.Bipartite_Grid_Landing_SKL_Berossus_Naturalization.md,https://490d.com/source/490d-unified-chronology/File_50c.Bipartite_Grid_Landing_SKL_Berossus_Naturalization.md,Raw Markdown linked,TBD,Repository_Change_Archive,Public-clean source; trust-status equalized; raw Markdown URL live; WordPress landing page live.,Final; see in-file Status line
File_50d_50e,File_50d_50e.Dual_Anchor_Integration_720_Bilateral_Symmetry.md,Dual-Anchor Integration and ±720 Bilateral Symmetry — Repository Summary and External-Source Pointer,Dual-Anchor Integration and ±720 Bilateral Symmetry — Repository Summary and External-Source Pointer,/file-50d-50e-dual-anchor-integration-720-bilateral-symmetry/,File_50d_50e.Dual_Anchor_Integration_720_Bilateral_Symmetry.md,https://490d.com/source/490d-unified-chronology/File_50d_50e.Dual_Anchor_Integration_720_Bilateral_Symmetry.md,Raw Markdown linked,TBD,Repository_Change_Archive,Public-clean source; trust-status equalized; raw Markdown URL live; WordPress landing page live.,Final; see in-file Status line
File_51a,File_51a.Rounded_Scaffold_Mod5_Architecture.md,The Rounded Scaffold — Mod-5 Architecture Underlying Biblical Chronology,The Rounded Scaffold — Mod-5 Architecture Underlying Biblical Chronology,/file-51a-rounded-scaffold-mod5-architecture/,File_51a.Rounded_Scaffold_Mod5_Architecture.md,https://490d.com/source/490d-unified-chronology/File_51a.Rounded_Scaffold_Mod5_Architecture.md,Raw Markdown linked,TBD,Repository_Change_Archive,Public-clean source; trust-status equalized; raw Markdown URL live; WordPress landing page live.,Final; see in-file Status line
File_51b,File_51b.Cross_Polarity_Mirror_Deep_Time_Translation.md,The Cross-Polarity Mirror and Deep-Time Translation Engines,The Cross-Polarity Mirror and Deep-Time Translation Engines,/file-51b-cross-polarity-mirror-deep-time-translation/,File_51b.Cross_Polarity_Mirror_Deep_Time_Translation.md,https://490d.com/source/490d-unified-chronology/File_51b.Cross_Polarity_Mirror_Deep_Time_Translation.md,Raw Markdown linked,TBD,Repository_Change_Archive,Public-clean source; trust-status equalized; raw Markdown URL live; WordPress landing page live.,Final; see in-file Status line
File_52a,File_52a.Inverse_Number_Architecture_Rounded_Chronology.md,Inverse-Number Architecture of the Rounded Chronology,Inverse-Number Architecture of the Rounded Chronology,/file-52a-inverse-number-architecture-rounded-chronology/,File_52a.Inverse_Number_Architecture_Rounded_Chronology.md,https://490d.com/source/490d-unified-chronology/File_52a.Inverse_Number_Architecture_Rounded_Chronology.md,Raw Markdown linked,TBD,Repository_Change_Archive,Public-clean source; trust-status equalized; raw Markdown URL live; WordPress landing page live.,Final; see in-file Status line
File_52b,File_52b.Inverse_Number_Architecture_Technical_Tables.md,Technical Tables for Inverse-Number Architecture and Structural Notes,Technical Tables for Inverse-Number Architecture and Structural Notes,/file-52b-inverse-number-architecture-technical-tables/,File_52b.Inverse_Number_Architecture_Technical_Tables.md,https://490d.com/source/490d-unified-chronology/File_52b.Inverse_Number_Architecture_Technical_Tables.md,Raw Markdown linked,TBD,Repository_Change_Archive,Public-clean source; trust-status equalized; raw Markdown URL live; WordPress landing page live.,Final; see in-file Status line
File_53,File_53.Jubilees_22Fold_Creation_Genealogy_Witness.md,The Book of Jubilees as a 22-Fold Creation-Genealogy Witness,The Book of Jubilees as a 22-Fold Creation-Genealogy Witness,/file-53-jubilees-22fold-creation-genealogy-witness/,File_53.Jubilees_22Fold_Creation_Genealogy_Witness.md,https://490d.com/source/490d-unified-chronology/File_53.Jubilees_22Fold_Creation_Genealogy_Witness.md,Raw Markdown linked,TBD,Repository_Change_Archive,Public-clean source; trust-status equalized; raw Markdown URL live; WordPress landing page live.,Final; see in-file Status line
File_54,File_54.Luke_70_Year_Genealogical_Lattice.md,"Luke’s 70-Year Genealogical Lattice, the Rounded Scaffold, and the Book of Jubilees","Luke’s 70-Year Genealogical Lattice, the Rounded Scaffold, and the Book of Jubilees",/file-54-luke-70-year-genealogical-lattice/,File_54.Luke_70_Year_Genealogical_Lattice.md,https://490d.com/source/490d-unified-chronology/File_54.Luke_70_Year_Genealogical_Lattice.md,Raw Markdown linked,TBD,Repository_Change_Archive,Public-clean source; trust-status equalized; raw Markdown URL live; WordPress landing page live.,Final; see in-file Status line
File_55,File_55.Third_Structure_Moses_Node_Primer.md,"The Third Structure — The Moses-Node Primer across Rounded, Regular, and Cumulative Biblical Chronology","The Third Structure — The Moses-Node Primer across Rounded, Regular, and Cumulative Biblical Chronology",/file-55-third-structure-moses-node-primer/,File_55.Third_Structure_Moses_Node_Primer.md,https://490d.com/source/490d-unified-chronology/File_55.Third_Structure_Moses_Node_Primer.md,Raw Markdown linked,TBD,Repository_Change_Archive,Public-clean source; trust-status equalized; raw Markdown URL live; WordPress landing page live.,Final; see in-file Status line
File_56,File_56.Creation_Decade_Protocol_SP_Enochian_Day4_Phase_Anchor.md,Creation Decade Protocol — The Enochian Day-4 Phase-Anchor of the SP Cumulative Creation,Creation Decade Protocol — The Enochian Day-4 Phase-Anchor of the SP Cumulative Creation,/file-56-creation-decade-protocol-sp-enochian-day4-phase-anchor/,File_56.Creation_Decade_Protocol_SP_Enochian_Day4_Phase_Anchor.md,https://490d.com/source/490d-unified-chronology/File_56.Creation_Decade_Protocol_SP_Enochian_Day4_Phase_Anchor.md,Raw Markdown linked,TBD,Repository_Change_Archive,Public-clean source; raw Markdown URL live; WordPress landing page pending; author-invoked Finalization July 2 2026.,Final; full pressure test scheduled
Control_State_Vocabulary_Register,State_Vocabulary_Register.md,State Vocabulary Register (current edition),Control Documents page,/control-documents/,State_Vocabulary_Register.md,https://490d.com/source/490d-unified-chronology/control/State_Vocabulary_Register.md,Stable alias URL live; overwritten in place per Stable-URL Publication Policy,Old versioned control URL (301 redirect),archive/ (superseded versioned editions); Repository_Change_Archive,"Version identity carried by in-file File / Status / Revision Log lines, not by filename.",v1.18
Control_Restart_Capsule,Restart_Capsule.md,Restart Capsule (current edition),Control Documents page,/control-documents/,Restart_Capsule.md,https://490d.com/source/490d-unified-chronology/control/Restart_Capsule.md,Stable alias URL live; overwritten in place per Stable-URL Publication Policy,Old versioned control URL (301 redirect),archive/ (superseded versioned editions); Repository_Change_Archive,"Version identity carried by in-file File / Status / Revision Log lines, not by filename.",v11.17
Control_Style_Guide,490d_Repository_Style_Guide.md,490d Repository Style Guide (current edition),Control Documents page,/control-documents/,490d_Repository_Style_Guide.md,https://490d.com/source/490d-unified-chronology/control/490d_Repository_Style_Guide.md,Stable alias URL live; overwritten in place per Stable-URL Publication Policy,Old versioned control URL (301 redirect),archive/ (superseded versioned editions); Repository_Change_Archive,"Version identity carried by in-file File / Status / Revision Log lines, not by filename.",v2.5
Control_Project_Procedures,Project_Procedures.md,Project Procedures (current edition),Control Documents page,/control-documents/,Project_Procedures.md,https://490d.com/source/490d-unified-chronology/control/Project_Procedures.md,Stable alias URL live; overwritten in place per Stable-URL Publication Policy,Old versioned control URL (301 redirect),archive/ (superseded versioned editions); Repository_Change_Archive,"Version identity carried by in-file File / Status / Revision Log lines, not by filename. §19 Stable-URL Publication Policy home.",v3.3
Archive_Repository_Change_Archive,Repository_Change_Archive.md,Repository Change Archive (current edition; non-controlling history),Control Documents page,/control-documents/,Repository_Change_Archive.md,https://490d.com/source/490d-unified-chronology/archive/Repository_Change_Archive.md,Stable alias URL live (archive/ location); overwritten in place per Stable-URL Publication Policy,TBD,archive/,Non-controlling historical archive; superseded versioned editions preserved beside the alias in archive/.,v1.31
