File ID,Renamed Markdown filename,File title,WordPress page title,Planned WordPress slug,Raw Markdown filename,Raw Markdown URL,Publication status,Legacy page replaced,Archive pointer,Notes,Current internal version,External archive (Wayback),External archive (archive.today),Deposit reference
File_00,File_00.Repository_Foundation_Axiom_Engine_Source_Map.md,"Repository Foundation, Axiom Engine, and Source Map","Repository Foundation, Axiom Engine, and Source Map",/file-00-repository-foundation-axiom-engine-source-map/,File_00.Repository_Foundation_Axiom_Engine_Source_Map.md,https://490d.com/source/490d-unified-chronology/File_00.Repository_Foundation_Axiom_Engine_Source_Map.md,Raw Markdown URL and WordPress landing page live; current replacement overwrite pending,TBD,Repository_Change_Archive,Public-clean source; trust-status equalized; raw Markdown URL and WordPress landing page live. Bounded File_56–File_64 source-map and companion-control pointer refresh applied July 26 2026; related-file inventory now reaches File_64; 65/65 Machine Guards and all proof-bearing arithmetic preserved; focused 19/19 checks PASS. Current replacement prepared for stable-URL overwrite.,Final; prior full pressure-test status retained; File_56–File_64 source-map / pointer refresh focused verified July 26 2026 — 19/19 PASS,https://web.archive.org/web/20260707210420/https://490d.com/source/490d-unified-chronology/File_00.Repository_Foundation_Axiom_Engine_Source_Map.md,https://archive.ph/ooKUs,archive.org/details/490d-unified-chronology-corpus-2026-07; DOI 10.5281/zenodo.21250574
File_01,File_01.Abraham_Gen20_Fractal_Pivot.md,Abraham — Patriarch Generation 20 and the Fractal Pivot,Abraham — Patriarch Generation 20 and the Fractal Pivot,/file-01-abraham-gen20-fractal-pivot/,File_01.Abraham_Gen20_Fractal_Pivot.md,https://490d.com/source/490d-unified-chronology/File_01.Abraham_Gen20_Fractal_Pivot.md,Raw Markdown URL and WordPress landing page live; File_66 reciprocal replacement overwrite pending,TBD,Repository_Change_Archive,"Public-clean source; existing Abraham chronology retained. August 8 2026 bounded File_66 reciprocal update adds only the SP-215 / Isaac non-retrojection guard: File_66 may use the established 1951/1876/1776 SP-adjusted field and derive 1851 BC downstream from Isaac 2066 BC under the declared -215 operator, but no File_66 coordinate is imported into File_01 Primary anchors or biography tables.",Final; bounded File_66 SP-215 / Isaac non-retrojection reciprocal guard applied August 8 2026; proof body unchanged,https://web.archive.org/web/20260707201717/https://490d.com/source/490d-unified-chronology/File_01.Abraham_Gen20_Fractal_Pivot.md,,archive.org/details/490d-unified-chronology-corpus-2026-07; DOI 10.5281/zenodo.21250574
File_02,File_02.Flood_Sumerian_Integration.md,The Flood and Sumerian Integration,The Flood and Sumerian Integration,/file-02-flood-sumerian-integration/,File_02.Flood_Sumerian_Integration.md,https://490d.com/source/490d-unified-chronology/File_02.Flood_Sumerian_Integration.md,Raw Markdown linked,TBD,Repository_Change_Archive,Public-clean source; raw Markdown URL and WordPress landing page live. Bounded File_53 / File_62 BJ Flood clarification adds the internal `3856 → 3849 → 2549 = 7 + 1300 = 1307` construction and routes the explicit birth-law hermeneutic without importing clutch chronology; focused 40/40 checks PASS; §§1–6 unchanged.,Final; File_53 / File_62 BJ Flood clarification applied; focused 40/40 checks PASS,https://web.archive.org/web/20260707201707/https://490d.com/source/490d-unified-chronology/File_02.Flood_Sumerian_Integration.md,,archive.org/details/490d-unified-chronology-corpus-2026-07; DOI 10.5281/zenodo.21250574
File_03,File_03.Joseph_Entity_Chronology.md,Entity: JOSEPH,Entity: JOSEPH,/file-03-joseph-entity-chronology/,File_03.Joseph_Entity_Chronology.md,https://490d.com/source/490d-unified-chronology/File_03.Joseph_Entity_Chronology.md,Raw Markdown linked,TBD,Repository_Change_Archive,Public-clean source; trust-status equalized; raw Markdown URL live; WordPress landing page live.,Final; see in-file Status line,https://web.archive.org/web/20260707201726/https://490d.com/source/490d-unified-chronology/File_03.Joseph_Entity_Chronology.md,,archive.org/details/490d-unified-chronology-corpus-2026-07; DOI 10.5281/zenodo.21250574
File_04,File_04.Jacob_Jubilee_Standard_LXX_33_397_Sojourn.md,Jacob as Jubilee Standard and the LXX 33 + 397 Sojourn Interpretation,Jacob as Jubilee Standard and the LXX 33 + 397 Sojourn Interpretation,/file-04-jacob-jubilee-standard-lxx-33-397-sojourn/,File_04.Jacob_Jubilee_Standard_LXX_33_397_Sojourn.md,https://490d.com/source/490d-unified-chronology/File_04.Jacob_Jubilee_Standard_LXX_33_397_Sojourn.md,Raw Markdown URL and WordPress landing page live; current replacement overwrite pending,TBD,Repository_Change_Archive,"Public-clean source; raw Markdown URL and WordPress landing page live. Bounded July 27 File_64 reciprocal routing registers the standard `1929→1909→1859 = 20+50=70` and localized-LXX `1896→1876→1826 = 20+50=70` rails, while keeping File_64-local `1922/1889 BC` marriage comparisons out of File_04 Primary anchors and biography tables; focused 21/21 checks PASS; §§1–3.4 and the Primary-anchor inventory remain unchanged. Current replacement prepared for stable-URL overwrite.",Final; bounded File_64 reciprocal-routing update applied July 27 2026; focused 21/21 checks PASS,https://web.archive.org/web/20260707211800/https://490d.com/source/490d-unified-chronology/File_04.Jacob_Jubilee_Standard_LXX_33_397_Sojourn.md,,archive.org/details/490d-unified-chronology-corpus-2026-07; DOI 10.5281/zenodo.21250574
File_05,File_05.Exodus_Target_Fulcrum_Anchor.md,The Exodus as Target and Fulcrum Anchor,The Exodus as Target and Fulcrum Anchor,/file-05-exodus-target-fulcrum-anchor/,File_05.Exodus_Target_Fulcrum_Anchor.md,https://490d.com/source/490d-unified-chronology/File_05.Exodus_Target_Fulcrum_Anchor.md,Stable-source replacement prepared for v23 deployment,TBD,Repository_Change_Archive v1.51,"Public-clean source; primary 1446 BC Exodus and subordinate 1231 BC Ramesside state retained. August 8 2026 bounded File_66 reciprocal update adds only the Ramesside-origin hypothesis guard: File_66 Appendix F may test 1231 BC as a latent historical-origin hypothesis, but File_05 remains controlling and no primary/subordinate anchor is changed. Bounded Final File_69 reciprocal guard inserted and focused verified August 17 2026; no parent proof spine, Primary anchor, operator, or source duration changed. August 18 File_69 Mosaic `1406/1446/1448/1486 BC` center routing; focused reciprocal verification complete; no new full pressure test.",Current coordinated File_67–File_68 release source; File_69 reciprocal pointer complete August 17 2026; File_69 August 18 reciprocal extension; Register v1.42 / Capsule v11.41 / Manifest v23,https://web.archive.org/web/20260707205049/https://490d.com/source/490d-unified-chronology/File_05.Exodus_Target_Fulcrum_Anchor.md,,archive.org/details/490d-unified-chronology-corpus-2026-07; DOI 10.5281/zenodo.21250574
File_06,File_06.Judges_Bridge.md,The Judges Bridge,The Judges Bridge,/file-06-judges-bridge/,File_06.Judges_Bridge.md,https://490d.com/source/490d-unified-chronology/File_06.Judges_Bridge.md,Stable-source replacement prepared for v23 deployment,TBD,Repository_Change_Archive v1.51,"Public-clean source; File_64 Jephthah routing retained. August 8 2026 File_66 reciprocal review found no additional File_06 source amendment necessary: the existing subordinate Ramesside 1191 BC state and File_19 routing already provide the required dependency boundary. Bounded Final File_69 reciprocal guard inserted and focused verified August 17 2026; no parent proof spine, Primary anchor, operator, or source duration changed. August 18 File_69 Mosaic `1406/1446/1448/1486 BC` center routing; focused reciprocal verification complete; no new full pressure test.",Final; prior File_64 reciprocal update retained; File_66 August 8 reciprocal review — no source change required; File_69 reciprocal pointer complete August 17 2026; File_69 August 18 reciprocal extension; Register v1.42 / Capsule v11.41 / Manifest v23,https://web.archive.org/web/20260707210926/https://490d.com/source/490d-unified-chronology/File_06.Judges_Bridge.md,,archive.org/details/490d-unified-chronology-corpus-2026-07; DOI 10.5281/zenodo.21250574
File_07,File_07.Creation_Seed_Decimal_Root.md,Creation — The Seed and Decimal Root,Creation — The Seed and Decimal Root,/file-07-creation-seed-decimal-root/,File_07.Creation_Seed_Decimal_Root.md,https://490d.com/source/490d-unified-chronology/File_07.Creation_Seed_Decimal_Root.md,Raw Markdown linked,TBD,Repository_Change_Archive,"Public-clean source; trust-status equalized; raw Markdown URL live; WordPress landing page live. File_56 SP Day-4 phase-anchor cross-file amendment applied to §1, July 2026; focused pressure test complete.",Final; see in-file Status line,https://web.archive.org/web/20260707201647/https://490d.com/source/490d-unified-chronology/File_07.Creation_Seed_Decimal_Root.md,,archive.org/details/490d-unified-chronology-corpus-2026-07; DOI 10.5281/zenodo.21250574
File_08,File_08.Kings_Resolution.md,The Kings — The Resolution,The Kings — The Resolution,/file-08-kings-resolution/,File_08.Kings_Resolution.md,https://490d.com/source/490d-unified-chronology/File_08.Kings_Resolution.md,Prepared for v21 deployment,TBD,Repository_Change_Archive v1.49 assembly package,"Public-clean source; prior File_64 and File_66 reciprocal updates retained. August 10 2026 bounded File_67 pointer registers the Rehoboam/Zedekiah boundary-kings and fourfold-480 routing while preserving File_08's historical/schematic monarchy, Temple pair, Judah +50, phases, and Rounded rail.",Current coordinated File_67–File_68 release source,https://web.archive.org/web/20260707205321/https://490d.com/source/490d-unified-chronology/File_08.Kings_Resolution.md,,archive.org/details/490d-unified-chronology-corpus-2026-07; DOI 10.5281/zenodo.21250574
File_09,File_09.Cumulative_Architecture.md,Cumulative Architecture,Cumulative Architecture,/file-09-cumulative-architecture/,File_09.Cumulative_Architecture.md,https://490d.com/source/490d-unified-chronology/File_09.Cumulative_Architecture.md,Stable-source replacement prepared for v24 deployment,TBD,Repository_Change_Archive v1.52,Final File_09 cumulative Creation–Cainan–Enoch substrate; 27 active Machine Guards; bounded post-Final audit closure fixes the discussion shorthand `+2+5+2` to controlled `+2+3+2` with no arithmetic change. Coordinated reciprocal/control package complete and focused verified 149/149 PASS; live deployment not claimed.,Final; reciprocal/control closure complete August 20 2026; Register v1.43 / Capsule v11.42; Archive v1.52 / Manifest v24,https://web.archive.org/web/20260707210325/https://490d.com/source/490d-unified-chronology/File_09.Cumulative_Architecture.md,,archive.org/details/490d-unified-chronology-corpus-2026-07; DOI 10.5281/zenodo.21250574
File_10,File_10.External_Validation_SKL.md,External Validation — SKL,External Validation — SKL,/file-10-external-validation-skl/,File_10.External_Validation_SKL.md,https://490d.com/source/490d-unified-chronology/File_10.External_Validation_SKL.md,Prepared for v21 deployment,TBD,Repository_Change_Archive v1.49 assembly package,"Public-clean source; raw Markdown URL and WordPress landing page live. The File_66 reciprocal amendment preserves File_10 as controller of external SKL validation and the exceptional `25921 = 161² = 23² × 49` Precession-Square state, registers the Priestly root `161 × 25/23 = 175`, and records the downstream `185150 × 7 = 50 × 25921` capstone without misclassifying `25921` as a fourth ordinary ratio. Focused reciprocal verification complete; no new full pressure test.",Current coordinated File_67–File_68 release source,https://web.archive.org/web/20260707212109/https://490d.com/source/490d-unified-chronology/File_10.External_Validation_SKL.md,,archive.org/details/490d-unified-chronology-corpus-2026-07; DOI 10.5281/zenodo.21250574
File_11,File_11.Three_Gear_Protocol_Harmonic_Engine.md,The Three-Gear Protocol and Harmonic Engine,The Three-Gear Protocol and Harmonic Engine,/file-11-three-gear-protocol-harmonic-engine/,File_11.Three_Gear_Protocol_Harmonic_Engine.md,https://490d.com/source/490d-unified-chronology/File_11.Three_Gear_Protocol_Harmonic_Engine.md,Raw Markdown linked,TBD,Repository_Change_Archive,Public-clean source; trust-status equalized; raw Markdown URL live; WordPress landing page live.,Final; see in-file Status line,https://web.archive.org/web/20260707212226/https://490d.com/source/490d-unified-chronology/File_11.Three_Gear_Protocol_Harmonic_Engine.md,,archive.org/details/490d-unified-chronology-corpus-2026-07; DOI 10.5281/zenodo.21250574
File_12,File_12.Calendrical_Physics.md,Calendrical Physics,Calendrical Physics,/file-12-calendrical-physics/,File_12.Calendrical_Physics.md,https://490d.com/source/490d-unified-chronology/File_12.Calendrical_Physics.md,Stable-source replacement prepared for v22 deployment,TBD,Repository_Change_Archive v1.49 assembly package,"Public-clean source; raw Markdown URL and WordPress landing page live. File_56 bibliography-vector and 360-day intercalation updates retained; bounded corrected-File_61 / Final-File_62 Mosaic-phase, dual-`490`, and Priestly/Prophetic day-equivalence pointer applied July 23 2026. Bounded Final File_69 reciprocal guard inserted and focused verified August 17 2026; no parent proof spine, Primary anchor, operator, or source duration changed.",Current coordinated File_67–File_68 release source; File_69 reciprocal pointer complete August 17 2026,https://web.archive.org/web/20260707205220/https://490d.com/source/490d-unified-chronology/File_12.Calendrical_Physics.md,,archive.org/details/490d-unified-chronology-corpus-2026-07; DOI 10.5281/zenodo.21250574
File_13,File_13.Christological_Matrix.md,Christological Matrix,Christological Matrix,/file-13-christological-matrix/,File_13.Christological_Matrix.md,https://490d.com/source/490d-unified-chronology/File_13.Christological_Matrix.md,Stable-source replacement prepared for v23 deployment,TBD,Repository_Change_Archive v1.51,Public-clean source; trust-status equalized; raw Markdown URL live; WordPress landing page live. File_59 Christological-synthesis and Judah / Lion / 1260 / Jordan-Mirror reciprocal pointers applied and focused checked July 16 2026. August 18 File_69 covenant `6|7|8` and crossed `5670/5832` Mirror routing; focused reciprocal verification complete; no new full pressure test.,Final; File_59 reciprocal pointers focused checked July 16 2026; File_69 August 18 reciprocal extension; Register v1.42 / Capsule v11.41 / Manifest v23,https://web.archive.org/web/20260707205412/https://490d.com/source/490d-unified-chronology/File_13.Christological_Matrix.md,,archive.org/details/490d-unified-chronology-corpus-2026-07; DOI 10.5281/zenodo.21250574
File_14,File_14.Biological_Numerical_Fractals.md,Biological and Numerical Fractals,Biological and Numerical Fractals,/file-14-biological-numerical-fractals/,File_14.Biological_Numerical_Fractals.md,https://490d.com/source/490d-unified-chronology/File_14.Biological_Numerical_Fractals.md,Stable-source replacement prepared for v23 deployment,TBD,Repository_Change_Archive v1.51,"Public-clean source; raw Markdown URL and WordPress landing page live. File_14 remains the controller of `7 + 33 = 40`, `14 + 66 = 80`, and normative `270/280`; bounded File_62 birth-law reciprocal pointer applied July 23 2026 without reopening local proof arithmetic. August 18 File_69 Mosaic `1406/1446/1448/1486 BC` center routing; focused reciprocal verification complete; no new full pressure test.",Final; bounded File_62 birth-law reciprocal pointer applied July 23 2026; File_69 August 18 reciprocal extension; Register v1.42 / Capsule v11.41 / Manifest v23,https://web.archive.org/web/20260707210557/https://490d.com/source/490d-unified-chronology/File_14.Biological_Numerical_Fractals.md,,archive.org/details/490d-unified-chronology-corpus-2026-07; DOI 10.5281/zenodo.21250574
File_15,File_15.Generational_Axiom.md,The Generational Axiom,The Generational Axiom,/file-15-generational-axiom/,File_15.Generational_Axiom.md,https://490d.com/source/490d-unified-chronology/File_15.Generational_Axiom.md,Stable-source replacement prepared for v23 deployment,TBD,Repository_Change_Archive v1.51,Public-clean source; raw Markdown URL and WordPress landing page live. Bounded File_62 generational-carrier pointer applies the authorized Jacobean `70` and Mosaic `40` without redefining the `100:70:40` triad; pointer-only machine diff checked. August 18 File_69 Mosaic `1406/1446/1448/1486 BC` center routing; focused reciprocal verification complete; no new full pressure test.,Final; bounded File_62 generational-carrier reciprocal pointer applied July 2026; File_69 August 18 reciprocal extension; Register v1.42 / Capsule v11.41 / Manifest v23,https://web.archive.org/web/20260707205401/https://490d.com/source/490d-unified-chronology/File_15.Generational_Axiom.md,,archive.org/details/490d-unified-chronology-corpus-2026-07; DOI 10.5281/zenodo.21250574
File_16,File_16.1876_BC_Nexus.md,The 1876 BC Nexus,The 1876 BC Nexus,/file-16-1876-bc-nexus/,File_16.1876_BC_Nexus.md,https://490d.com/source/490d-unified-chronology/File_16.1876_BC_Nexus.md,Prepared for v21 deployment,TBD,Repository_Change_Archive v1.49 assembly package,Public-clean source; expanded File_64 Nexus/Jacob-Daniel routing retained. August 8 2026 bounded File_66 reciprocal update adds the third-1290 / Jeremiah non-Bullseye guard. File_66's 1851 BC → 561 BC = 1290 and Jeremiah 626 BC comparison are downstream structural applications only; they do not enlarge File_16's Bullseye inventory or Primary anchors.,Current coordinated File_67–File_68 release source,https://web.archive.org/web/20260707201641/https://490d.com/source/490d-unified-chronology/File_16.1876_BC_Nexus.md,,archive.org/details/490d-unified-chronology-corpus-2026-07; DOI 10.5281/zenodo.21250574
File_17,File_17.Prophetic_Time_Span_Anatomy.md,Prophetic Time Span Anatomy,Prophetic Time Span Anatomy,/file-17-prophetic-time-span-anatomy/,File_17.Prophetic_Time_Span_Anatomy.md,https://490d.com/source/490d-unified-chronology/File_17.Prophetic_Time_Span_Anatomy.md,Stable-source replacement prepared for v22 deployment,TBD,Repository_Change_Archive v1.49 assembly package,"Public-clean source. August 10 2026 File_67 reciprocal pointer registers downstream 161→175, 483→490, 828→840, and appendix-only 33120→33600 Key-family applications; 162/161 remains appendix-only and is not a fourth standard Key-of-23 operator. Bounded Final File_69 reciprocal guard inserted and focused verified August 17 2026; no parent proof spine, Primary anchor, operator, or source duration changed.",Current coordinated File_67–File_68 release source; File_69 reciprocal pointer complete August 17 2026,https://web.archive.org/web/20260707205529/https://490d.com/source/490d-unified-chronology/File_17.Prophetic_Time_Span_Anatomy.md,,archive.org/details/490d-unified-chronology-corpus-2026-07; DOI 10.5281/zenodo.21250574
File_18,File_18.Chronological_Data_Tables.md,Chronological Data Tables,Chronological Data Tables,/file-18-chronological-data-tables/,File_18.Chronological_Data_Tables.md,https://490d.com/source/490d-unified-chronology/File_18.Chronological_Data_Tables.md,Stable-source replacement prepared for v27 deployment; bounded nested Three-Gear control correction,TBD,Repository_Change_Archive v1.54,"August 25 2026 bounded nested `±2 / ±720` Three-Gear control correction. Printed `+2` and `+720` rows remain valid selected-member displays within the complete centered `−2/0/+2` and `−720/0/+720` wheels; optional local subteeth may nest inside admitted macro members. No raw chronology row, Primary anchor, Cainan state, monarchy state, Mirror protocol, or proof equation changed. Focused verification complete; the shared control is retained under current Register v1.49 / Capsule v11.48.",Final; nested `±2 / ±720` Three-Gear control correction focused verified August 25 2026; current Register v1.49 / Capsule v11.48; Archive v1.54 retained / Manifest v27,https://web.archive.org/web/20260707205611/https://490d.com/source/490d-unified-chronology/File_18.Chronological_Data_Tables.md,https://archive.ph/ffZWn,archive.org/details/490d-unified-chronology-corpus-2026-07; DOI 10.5281/zenodo.21250574
File_19,File_19.Hezekiah_Prophetic_Complex.md,The Hezekiah Prophetic Complex,The Hezekiah Prophetic Complex,/file-19-hezekiah-prophetic-complex/,File_19.Hezekiah_Prophetic_Complex.md,https://490d.com/source/490d-unified-chronology/File_19.Hezekiah_Prophetic_Complex.md,Raw Markdown URL and WordPress landing page live; refreshed File_66 reciprocal replacement overwrite pending,TBD,Repository_Change_Archive,"Public-clean source; August 4 File_66 residue/common-2580 reciprocal update retained. August 8 2026 adds one bounded third-day / Mirror-closure dependency guard: File_66 may compare 3×71⅔=215 and 3×72=216, doubled to 430/432, while File_19 retains control of 701/686 BC, 185000, 720, and the local residue/precessional interface. File_66 656 BC, 693.5 BC, and 1296 are not File_19 anchors.",Final; prior post-final status retained; File_66 residue/common-2580 routing retained; third-day / Mirror-closure guard added August 8 2026,https://web.archive.org/web/20260707205718/https://490d.com/source/490d-unified-chronology/File_19.Hezekiah_Prophetic_Complex.md,,archive.org/details/490d-unified-chronology-corpus-2026-07; DOI 10.5281/zenodo.21250574
File_20,File_20.Jubilees_Fourth_Witness.md,The Book of Jubilees as Fourth Chronological Witness,The Book of Jubilees as Fourth Chronological Witness,/file-20-jubilees-fourth-witness/,File_20.Jubilees_Fourth_Witness.md,https://490d.com/source/490d-unified-chronology/File_20.Jubilees_Fourth_Witness.md,Stable-source replacement prepared for v22 deployment,TBD,Repository_Change_Archive v1.49 assembly package,"Public-clean source; trust-status equalized; raw Markdown URL live; WordPress landing page live. File_58 corpus-fulfillment pointer update applied and focused pressure tested July 12 2026. Bounded Final File_69 reciprocal guard inserted and focused verified August 17 2026; no parent proof spine, Primary anchor, operator, or source duration changed.",Current coordinated File_67–File_68 release source; File_69 reciprocal pointer complete August 17 2026,https://web.archive.org/web/20260707205622/https://490d.com/source/490d-unified-chronology/File_20.Jubilees_Fourth_Witness.md,,archive.org/details/490d-unified-chronology-corpus-2026-07; DOI 10.5281/zenodo.21250574
File_21,File_21.SKL_Unified_Protocol.md,SKL Unified Protocol,SKL Unified Protocol,/file-21-skl-unified-protocol/,File_21.SKL_Unified_Protocol.md,https://490d.com/source/490d-unified-chronology/File_21.SKL_Unified_Protocol.md,Stable-source replacement prepared for v27 deployment; bounded nested Three-Gear control correction,TBD,Repository_Change_Archive v1.54,"August 25 2026 bounded correction supersedes the former one-sided `+2 local rail / +720 scale-state` wording with the full nested Three-Gear topology: absolute `+0/+2/+4`, Shem-centered `−2/0/+2`, and SKL `−720/0/+720`. Existing `+2` rows remain selected-member displays; `+30 Apparent Mode` stays orthogonal and `7200` remains distinct. No source chronology, Primary anchor, four-state output, Short/Long state, or proof-bearing equation changed.",Final; nested `±2 / ±720` Three-Gear control correction focused verified August 25 2026; current Register v1.49 / Capsule v11.48; Archive v1.54 retained / Manifest v27,https://web.archive.org/web/20260707205714/https://490d.com/source/490d-unified-chronology/File_21.SKL_Unified_Protocol.md,,archive.org/details/490d-unified-chronology-corpus-2026-07; DOI 10.5281/zenodo.21250574
File_22,File_22.Cumulative_MT_Harmonics.md,Cumulative MT Harmonics,Cumulative MT Harmonics,/file-22-cumulative-mt-harmonics/,File_22.Cumulative_MT_Harmonics.md,https://490d.com/source/490d-unified-chronology/File_22.Cumulative_MT_Harmonics.md,Stable-source replacement prepared for v24 deployment,TBD,Repository_Change_Archive v1.52,"Adds reciprocal proof-burden routing for File_09 endpoint anatomy beneath `12558→12600/12740`. File_22 retains the scalar theorem and existing coordinate states; no Primary anchor, ratio definition, or prior arithmetic changes. Coordinated package focused verified.",Final; File_09 endpoint-anatomy reciprocal routing applied August 20 2026; Register v1.43 / Capsule v11.42; Archive v1.52 / Manifest v24,https://web.archive.org/web/20260707210105/https://490d.com/source/490d-unified-chronology/File_22.Cumulative_MT_Harmonics.md,,archive.org/details/490d-unified-chronology-corpus-2026-07; DOI 10.5281/zenodo.21250574
File_23,File_23.Tebah_Protocol_Source_of_3_5.md,The Tebah Protocol — The Source of the 3.5,The Tebah Protocol — The Source of the 3.5,/file-23-tebah-protocol-source-of-3-5/,File_23.Tebah_Protocol_Source_of_3_5.md,https://490d.com/source/490d-unified-chronology/File_23.Tebah_Protocol_Source_of_3_5.md,Raw Markdown linked,TBD,Repository_Change_Archive,"Public-clean source; raw Markdown URL and WordPress landing page live. Bounded corrected-File_61 / Final-File_62 Tebah / Mosaic-phase pointer applied July 23 2026, including proposed phase pairs, distinct dual-`490` routes, and the day-volume closure by dependency; local source data unchanged.",Final; corrected File_61 / Final File_62 Tebah / Mosaic-phase pointer applied July 23 2026,https://web.archive.org/web/20260707201643/https://490d.com/source/490d-unified-chronology/File_23.Tebah_Protocol_Source_of_3_5.md,,archive.org/details/490d-unified-chronology-corpus-2026-07; DOI 10.5281/zenodo.21250574
File_24,File_24.Kish_Dynasty_Cipher_En_Tarah_Ana_23_Kings.md,The First Dynasty of Kish Cipher — The En-Tarah-Ana Bridge and the 23 Kings Arrangement,The First Dynasty of Kish Cipher — The En-Tarah-Ana Bridge and the 23 Kings Arrangement,/file-24-kish-dynasty-cipher-en-tarah-ana-23-kings/,File_24.Kish_Dynasty_Cipher_En_Tarah_Ana_23_Kings.md,https://490d.com/source/490d-unified-chronology/File_24.Kish_Dynasty_Cipher_En_Tarah_Ana_23_Kings.md,Raw Markdown linked,TBD,Repository_Change_Archive,Public-clean source; trust-status equalized; raw Markdown URL live; WordPress landing page live.,Final; see in-file Status line,https://web.archive.org/web/20260707205825/https://490d.com/source/490d-unified-chronology/File_24.Kish_Dynasty_Cipher_En_Tarah_Ana_23_Kings.md,,archive.org/details/490d-unified-chronology-corpus-2026-07; DOI 10.5281/zenodo.21250574
File_25,File_25.Law_of_Decimal_Invariance.md,The Law of Decimal Invariance,The Law of Decimal Invariance,/file-25-law-of-decimal-invariance/,File_25.Law_of_Decimal_Invariance.md,https://490d.com/source/490d-unified-chronology/File_25.Law_of_Decimal_Invariance.md,Stable-source replacement prepared for v23 deployment,TBD,Repository_Change_Archive v1.51,"Public-clean source; trust-status equalized; raw Markdown URL live; WordPress landing page live. Bounded Final File_69 reciprocal guard inserted and focused verified August 17 2026; no parent proof spine, Primary anchor, operator, or source duration changed. August 18 File_69 Jeconiah–Cainan `70+840=910` and count-clutch routing; focused reciprocal verification complete; no new full pressure test.",Final; see in-file Status line; File_69 reciprocal pointer complete August 17 2026; File_69 August 18 reciprocal extension; Register v1.42 / Capsule v11.41 / Manifest v23,https://web.archive.org/web/20260707201713/https://490d.com/source/490d-unified-chronology/File_25.Law_of_Decimal_Invariance.md,,archive.org/details/490d-unified-chronology-corpus-2026-07; DOI 10.5281/zenodo.21250574
File_26,File_26.Precessional_Bridge_430_432_Shift.md,The Precessional Bridge — The 430/432 Shift from 18726 BC,The Precessional Bridge — The 430/432 Shift from 18726 BC,/file-26-precessional-bridge-430-432-shift/,File_26.Precessional_Bridge_430_432_Shift.md,https://490d.com/source/490d-unified-chronology/File_26.Precessional_Bridge_430_432_Shift.md,Prepared for v21 deployment,TBD,Repository_Change_Archive v1.49 assembly package,Public-clean source; precessional 430/432 bridge retained unchanged. August 8 2026 bounded File_66 reciprocal update adds one 215/216 half-scale dependency guard so File_66's three-day 215/216 and doubled 430/432 comparison remains downstream and does not alter File_26's precessional-month/season or deep-time rails.,Current coordinated File_67–File_68 release source,https://web.archive.org/web/20260707205904/https://490d.com/source/490d-unified-chronology/File_26.Precessional_Bridge_430_432_Shift.md,,archive.org/details/490d-unified-chronology-corpus-2026-07; DOI 10.5281/zenodo.21250574
File_27,File_27.Cosmic_Gestation.md,The Cosmic Gestation,The Cosmic Gestation,/file-27-cosmic-gestation/,File_27.Cosmic_Gestation.md,https://490d.com/source/490d-unified-chronology/File_27.Cosmic_Gestation.md,Raw Markdown linked,TBD,Repository_Change_Archive,Public-clean source; trust-status equalized; raw Markdown URL live; WordPress landing page live.,Final; see in-file Status line,https://web.archive.org/web/20260707201635/https://490d.com/source/490d-unified-chronology/File_27.Cosmic_Gestation.md,,archive.org/details/490d-unified-chronology-corpus-2026-07; DOI 10.5281/zenodo.21250574
File_28,File_28.Deleted_Placeholder_Remainder_Protocol.md,Deleted Placeholder — The Remainder Protocol,Deleted Placeholder — The Remainder Protocol,/file-28-deleted-placeholder-remainder-protocol/,File_28.Deleted_Placeholder_Remainder_Protocol.md,https://490d.com/source/490d-unified-chronology/File_28.Deleted_Placeholder_Remainder_Protocol.md,Raw Markdown linked,TBD,Repository_Change_Archive,Public-clean source; trust-status equalized; raw Markdown URL live; WordPress landing page live.,Final; see in-file Status line,https://web.archive.org/web/20260707210116/https://490d.com/source/490d-unified-chronology/File_28.Deleted_Placeholder_Remainder_Protocol.md,,archive.org/details/490d-unified-chronology-corpus-2026-07; DOI 10.5281/zenodo.21250574
File_29,File_29.Reconciliation_Fractal.md,The Reconciliation Fractal,The Reconciliation Fractal,/file-29-reconciliation-fractal/,File_29.Reconciliation_Fractal.md,https://490d.com/source/490d-unified-chronology/File_29.Reconciliation_Fractal.md,Stable-source reciprocal replacement prepared for v25 deployment; live overwrite pending,TBD,Repository_Change_Archive v1.53,"Bounded Final File_70 reciprocal routing added August 22 2026. File_29 remains the theological controller of the `7/13/14` Reconciliation Fractal; File_70 supplies the downstream Genesis narrative embodiment only. Focused machine-diff, dependency, guard, Markdown-structure, and publication-clean checks complete; no File_70 coordinate becomes a File_29 anchor.",Final; File_70 reciprocal pointer complete August 22 2026; Register v1.45 / Capsule v11.44 / Archive v1.53 / Manifest v25,https://web.archive.org/web/20260707210013/https://490d.com/source/490d-unified-chronology/File_29.Reconciliation_Fractal.md,,archive.org/details/490d-unified-chronology-corpus-2026-07; DOI 10.5281/zenodo.21250574
File_30,File_30.Alpha_Omega_Link_4900_4300_Master_Cycle.md,The Alpha-Omega Link — The 4900/4300 Master Cycle,The Alpha-Omega Link — The 4900/4300 Master Cycle,/file-30-alpha-omega-link-4900-4300-master-cycle/,File_30.Alpha_Omega_Link_4900_4300_Master_Cycle.md,https://490d.com/source/490d-unified-chronology/File_30.Alpha_Omega_Link_4900_4300_Master_Cycle.md,Raw Markdown linked,TBD,Repository_Change_Archive,Public-clean source; trust-status equalized; raw Markdown URL live; WordPress landing page live.,Final; see in-file Status line,https://web.archive.org/web/20260707211529/https://490d.com/source/490d-unified-chronology/File_30.Alpha_Omega_Link_4900_4300_Master_Cycle.md,,archive.org/details/490d-unified-chronology-corpus-2026-07; DOI 10.5281/zenodo.21250574
File_31,File_31.Rod_of_Enoch.md,The Rod of Enoch,The Rod of Enoch,/file-31-rod-of-enoch/,File_31.Rod_of_Enoch.md,https://490d.com/source/490d-unified-chronology/File_31.Rod_of_Enoch.md,Raw Markdown linked,TBD,Repository_Change_Archive,Public-clean source; trust-status equalized; raw Markdown URL live; WordPress landing page live.,Final; see in-file Status line,https://web.archive.org/web/20260707201730/https://490d.com/source/490d-unified-chronology/File_31.Rod_of_Enoch.md,,archive.org/details/490d-unified-chronology-corpus-2026-07; DOI 10.5281/zenodo.21250574
File_32,File_32.Prime_Harmonic.md,The Prime Harmonic,The Prime Harmonic,/file-32-prime-harmonic/,File_32.Prime_Harmonic.md,https://490d.com/source/490d-unified-chronology/File_32.Prime_Harmonic.md,Raw Markdown linked,TBD,Repository_Change_Archive,Public-clean source; trust-status equalized; raw Markdown URL live; WordPress landing page live.,Final; see in-file Status line,https://web.archive.org/web/20260707210219/https://490d.com/source/490d-unified-chronology/File_32.Prime_Harmonic.md,,archive.org/details/490d-unified-chronology-corpus-2026-07; DOI 10.5281/zenodo.21250574
File_33,File_33.Ordinal_Lock.md,The Ordinal Lock,The Ordinal Lock,/file-33-ordinal-lock/,File_33.Ordinal_Lock.md,https://490d.com/source/490d-unified-chronology/File_33.Ordinal_Lock.md,Raw Markdown linked,TBD,Repository_Change_Archive,Public-clean source; trust-status equalized; raw Markdown URL live; WordPress landing page live.,Final; see in-file Status line,https://web.archive.org/web/20260707210221/https://490d.com/source/490d-unified-chronology/File_33.Ordinal_Lock.md,,archive.org/details/490d-unified-chronology-corpus-2026-07; DOI 10.5281/zenodo.21250574
File_34,File_34.Unified_Chronology_SKL_Berossus_Bible.md,"The Unified Chronology — Integrating Berossus, Sumer, and the Bible","The Unified Chronology — Integrating Berossus, Sumer, and the Bible",/file-34-unified-chronology-skl-berossus-bible/,File_34.Unified_Chronology_SKL_Berossus_Bible.md,https://490d.com/source/490d-unified-chronology/File_34.Unified_Chronology_SKL_Berossus_Bible.md,Stable-source replacement prepared for v27 deployment; bounded nested Three-Gear control correction,TBD,Repository_Change_Archive v1.54,"August 25 2026 bounded correction recognizes the `720` Cosmic Pixel as the exact `360:1` dilation of the complete Shem-centered `−2/0/+2` wheel, yielding `−720/0/+720` at SKL scale. Existing `+2` and `+720` coordinates remain selected members; local subrails may be declared within macro members; `+30` remains orthogonal. No SKL/Berossus chronology, source total, anchor, corridor, phase chain, or proof equation changed.",Final; nested `±2 / ±720` Three-Gear control correction focused verified August 25 2026; current Register v1.49 / Capsule v11.48; Archive v1.54 retained / Manifest v27,https://web.archive.org/web/20260707211830/https://490d.com/source/490d-unified-chronology/File_34.Unified_Chronology_SKL_Berossus_Bible.md,https://archive.ph/lvX0x,archive.org/details/490d-unified-chronology-corpus-2026-07; DOI 10.5281/zenodo.21250574
File_35,File_35.Secondary_Solar_Synchronization.md,"Secondary Solar Synchronization — The 17-Chain Subsystem, the Half-Step Expansion n+0.5, and the Geometric Unification of P17 and P34","Secondary Solar Synchronization — The 17-Chain Subsystem, the Half-Step Expansion n+0.5, and the Geometric Unification of P17 and P34",/file-35-secondary-solar-synchronization/,File_35.Secondary_Solar_Synchronization.md,https://490d.com/source/490d-unified-chronology/File_35.Secondary_Solar_Synchronization.md,Raw Markdown linked,TBD,Repository_Change_Archive,Public-clean source; trust-status equalized; raw Markdown URL live; WordPress landing page live.,Final; see in-file Status line,https://web.archive.org/web/20260707211451/https://490d.com/source/490d-unified-chronology/File_35.Secondary_Solar_Synchronization.md,,archive.org/details/490d-unified-chronology-corpus-2026-07; DOI 10.5281/zenodo.21250574
File_36,File_36.Prime_Polarity_Target_Mirror_Lattice_Sextuplet_Scaffold.md,"The Prime-Polarity / Target-Mirror Lattice, Rare Clusters, and the Sextuplet Prophetic Scaffold","The Prime-Polarity / Target-Mirror Lattice, Rare Clusters, and the Sextuplet Prophetic Scaffold",/file-36-prime-polarity-target-mirror-lattice-sextuplet-scaffold/,File_36.Prime_Polarity_Target_Mirror_Lattice_Sextuplet_Scaffold.md,https://490d.com/source/490d-unified-chronology/File_36.Prime_Polarity_Target_Mirror_Lattice_Sextuplet_Scaffold.md,Raw Markdown linked,TBD,Repository_Change_Archive,Public-clean source; trust-status equalized; raw Markdown URL live; WordPress landing page live.,Final; see in-file Status line,https://web.archive.org/web/20260707211803/https://490d.com/source/490d-unified-chronology/File_36.Prime_Polarity_Target_Mirror_Lattice_Sextuplet_Scaffold.md,,archive.org/details/490d-unified-chronology-corpus-2026-07; DOI 10.5281/zenodo.21250574
File_37,File_37.P23_P46_P69_P92_Tetrad.md,"The P23-P46-P69-P92 Tetrad — Prime-Polarity, Key-of-23 Completion, and Shem Biography Locks","The P23-P46-P69-P92 Tetrad — Prime-Polarity, Key-of-23 Completion, and Shem Biography Locks",/file-37-p23-p46-p69-p92-tetrad/,File_37.P23_P46_P69_P92_Tetrad.md,https://490d.com/source/490d-unified-chronology/File_37.P23_P46_P69_P92_Tetrad.md,Raw Markdown linked,TBD,Repository_Change_Archive,Public-clean source; trust-status equalized; raw Markdown URL live; WordPress landing page live.,Final; see in-file Status line,https://web.archive.org/web/20260707211705/https://490d.com/source/490d-unified-chronology/File_37.P23_P46_P69_P92_Tetrad.md,,archive.org/details/490d-unified-chronology-corpus-2026-07; DOI 10.5281/zenodo.21250574
File_38,File_38.Sextuplet_Engine.md,The Sextuplet Engine — The Geometric Origin of the Chronological Variants,The Sextuplet Engine — The Geometric Origin of the Chronological Variants,/file-38-sextuplet-engine/,File_38.Sextuplet_Engine.md,https://490d.com/source/490d-unified-chronology/File_38.Sextuplet_Engine.md,Raw Markdown linked,TBD,Repository_Change_Archive,Public-clean source; trust-status equalized; raw Markdown URL live; WordPress landing page live.,Final; see in-file Status line,https://web.archive.org/web/20260707210405/https://490d.com/source/490d-unified-chronology/File_38.Sextuplet_Engine.md,,archive.org/details/490d-unified-chronology-corpus-2026-07; DOI 10.5281/zenodo.21250574
File_39,File_39.Resonant_Lattice_Creation_Core.md,The Resonant Lattice and the Creation Core — The Sextuplet Zipper and the Seven Days of S-Primes,The Resonant Lattice and the Creation Core — The Sextuplet Zipper and the Seven Days of S-Primes,/file-39-resonant-lattice-creation-core/,File_39.Resonant_Lattice_Creation_Core.md,https://490d.com/source/490d-unified-chronology/File_39.Resonant_Lattice_Creation_Core.md,Raw Markdown linked,TBD,Repository_Change_Archive,Public-clean source; trust-status equalized; raw Markdown URL live; WordPress landing page live.,Final; see in-file Status line,https://web.archive.org/web/20260707210418/https://490d.com/source/490d-unified-chronology/File_39.Resonant_Lattice_Creation_Core.md,,archive.org/details/490d-unified-chronology-corpus-2026-07; DOI 10.5281/zenodo.21250574
File_40,File_40.Dimensional_Creation_Days_1_3_Sextuplet_Zipper_Mirror.md,The Dimensional Creation (Days 1–3) and the Sextuplet Zipper Mirror Rendering,The Dimensional Creation (Days 1–3) and the Sextuplet Zipper Mirror Rendering,/file-40-dimensional-creation-days-1-3-sextuplet-zipper-mirror/,File_40.Dimensional_Creation_Days_1_3_Sextuplet_Zipper_Mirror.md,https://490d.com/source/490d-unified-chronology/File_40.Dimensional_Creation_Days_1_3_Sextuplet_Zipper_Mirror.md,Raw Markdown linked,TBD,Repository_Change_Archive,Public-clean source; trust-status equalized; raw Markdown URL live; WordPress landing page live.,Final; see in-file Status line,https://web.archive.org/web/20260707210538/https://490d.com/source/490d-unified-chronology/File_40.Dimensional_Creation_Days_1_3_Sextuplet_Zipper_Mirror.md,,archive.org/details/490d-unified-chronology-corpus-2026-07; DOI 10.5281/zenodo.21250574
File_41,File_41.Jachin_Mirror_Restoration_Anchor.md,The Jachin Mirror and the Restoration Anchor,The Jachin Mirror and the Restoration Anchor,/file-41-jachin-mirror-restoration-anchor/,File_41.Jachin_Mirror_Restoration_Anchor.md,https://490d.com/source/490d-unified-chronology/File_41.Jachin_Mirror_Restoration_Anchor.md,Raw Markdown linked,TBD,Repository_Change_Archive,Public-clean source; trust-status equalized; raw Markdown URL live; WordPress landing page live. File_59 Pillar-midpoint and AD 1445 crossed-corridor reciprocal pointers applied and focused checked July 16 2026.,Final; post-final pressure tested; File_59 reciprocal pointers focused checked July 16 2026,https://web.archive.org/web/20260707212156/https://490d.com/source/490d-unified-chronology/File_41.Jachin_Mirror_Restoration_Anchor.md,,archive.org/details/490d-unified-chronology-corpus-2026-07; DOI 10.5281/zenodo.21250574
File_42,File_42.Prime_Lattice_Foundations_Geometry_First.md,Prime Lattice Foundations — Geometry-First Derivation of the Early Prime-Quad Anchors (P1–P3),Prime Lattice Foundations — Geometry-First Derivation of the Early Prime-Quad Anchors (P1–P3),/file-42-prime-lattice-foundations-geometry-first/,File_42.Prime_Lattice_Foundations_Geometry_First.md,https://490d.com/source/490d-unified-chronology/File_42.Prime_Lattice_Foundations_Geometry_First.md,Raw Markdown linked,TBD,Repository_Change_Archive,Public-clean source; trust-status equalized; raw Markdown URL live; WordPress landing page live.,Final; see in-file Status line,https://web.archive.org/web/20260707210704/https://490d.com/source/490d-unified-chronology/File_42.Prime_Lattice_Foundations_Geometry_First.md,,archive.org/details/490d-unified-chronology-corpus-2026-07; DOI 10.5281/zenodo.21250574
File_43,File_43.Genealogical_Bridge.md,Genealogical Bridge,Genealogical Bridge,/file-43-genealogical-bridge/,File_43.Genealogical_Bridge.md,https://490d.com/source/490d-unified-chronology/File_43.Genealogical_Bridge.md,Stable-source replacement prepared for v23 deployment,TBD,Repository_Change_Archive v1.51,"Public-clean source; trust-status equalized; raw Markdown URL live; WordPress landing page live. Bounded Final File_69 reciprocal guard inserted and focused verified August 17 2026; no parent proof spine, Primary anchor, operator, or source duration changed. August 18 File_69 Matthean `14|13|14`, `41/42`, `62/63`, and Abraham-head routing; focused reciprocal verification complete; no new full pressure test.",Final; see in-file Status line; File_69 reciprocal pointer complete August 17 2026; File_69 August 18 reciprocal extension; Register v1.42 / Capsule v11.41 / Manifest v23,https://web.archive.org/web/20260707210611/https://490d.com/source/490d-unified-chronology/File_43.Genealogical_Bridge.md,,archive.org/details/490d-unified-chronology-corpus-2026-07; DOI 10.5281/zenodo.21250574
File_44,File_44.Chronological_Scaling_Laws_10x_100x.md,Chronological Scaling Laws 10x / 100x,Chronological Scaling Laws 10x / 100x,/file-44-chronological-scaling-laws-10x-100x/,File_44.Chronological_Scaling_Laws_10x_100x.md,https://490d.com/source/490d-unified-chronology/File_44.Chronological_Scaling_Laws_10x_100x.md,Raw Markdown linked,TBD,Repository_Change_Archive,Public-clean source; trust-status equalized; raw Markdown URL live; WordPress landing page live.,Final; see in-file Status line,https://web.archive.org/web/20260707201745/https://490d.com/source/490d-unified-chronology/File_44.Chronological_Scaling_Laws_10x_100x.md,,archive.org/details/490d-unified-chronology-corpus-2026-07; DOI 10.5281/zenodo.21250574
File_45,File_45.Superstructure_14000_1400_Fractal.md,Superstructure of the 14000 / 1400 Fractal,Superstructure of the 14000 / 1400 Fractal,/file-45-superstructure-14000-1400-fractal/,File_45.Superstructure_14000_1400_Fractal.md,https://490d.com/source/490d-unified-chronology/File_45.Superstructure_14000_1400_Fractal.md,Raw Markdown linked,TBD,Repository_Change_Archive,Public-clean source; trust-status equalized; raw Markdown URL live; WordPress landing page live.,Final; see in-file Status line,https://web.archive.org/web/20260707210713/https://490d.com/source/490d-unified-chronology/File_45.Superstructure_14000_1400_Fractal.md,,archive.org/details/490d-unified-chronology-corpus-2026-07; DOI 10.5281/zenodo.21250574
File_46,File_46.Harmonic_Expansion_Protocols.md,Harmonic Expansion Protocols — Expansion Operators on the 70-Year Genealogical Lattice,Harmonic Expansion Protocols — Expansion Operators on the 70-Year Genealogical Lattice,/file-46-harmonic-expansion-protocols/,File_46.Harmonic_Expansion_Protocols.md,https://490d.com/source/490d-unified-chronology/File_46.Harmonic_Expansion_Protocols.md,Raw Markdown linked,TBD,Repository_Change_Archive,Public-clean source; trust-status equalized; raw Markdown URL live; WordPress landing page live.,Final; see in-file Status line,https://web.archive.org/web/20260707210741/https://490d.com/source/490d-unified-chronology/File_46.Harmonic_Expansion_Protocols.md,,archive.org/details/490d-unified-chronology-corpus-2026-07; DOI 10.5281/zenodo.21250574
File_47,File_47.Patriarchal_Pairing_Six_Birth_Pairs.md,Patriarchal Pairing System — Six Birth-Pairs from Noah to Jacob,Patriarchal Pairing System — Six Birth-Pairs from Noah to Jacob,/file-47-patriarchal-pairing-six-birth-pairs/,File_47.Patriarchal_Pairing_Six_Birth_Pairs.md,https://490d.com/source/490d-unified-chronology/File_47.Patriarchal_Pairing_Six_Birth_Pairs.md,Raw Markdown linked,TBD,Repository_Change_Archive,Public-clean source; trust-status equalized; raw Markdown URL live; WordPress landing page live.,Final; see in-file Status line,https://web.archive.org/web/20260707201703/https://490d.com/source/490d-unified-chronology/File_47.Patriarchal_Pairing_Six_Birth_Pairs.md,,archive.org/details/490d-unified-chronology-corpus-2026-07; DOI 10.5281/zenodo.21250574
File_48,File_48.Cumulative_Prime_Harmonic.md,Cumulative Prime Harmonic,Cumulative Prime Harmonic,/file-48-cumulative-prime-harmonic/,File_48.Cumulative_Prime_Harmonic.md,https://490d.com/source/490d-unified-chronology/File_48.Cumulative_Prime_Harmonic.md,Raw Markdown linked,TBD,Repository_Change_Archive,Public-clean source; trust-status equalized; raw Markdown URL live; WordPress landing page live.,Final; see in-file Status line,https://web.archive.org/web/20260707210815/https://490d.com/source/490d-unified-chronology/File_48.Cumulative_Prime_Harmonic.md,,archive.org/details/490d-unified-chronology-corpus-2026-07; DOI 10.5281/zenodo.21250574
File_49,File_49.Prime_Quadruplet_Cycle_Alignment_Test_Protocol.md,Prime-Quadruplet Cycle-Alignment Axiom and Test Protocol — Repository Summary and External-Source Pointer,Prime-Quadruplet Cycle-Alignment Axiom and Test Protocol — Repository Summary and External-Source Pointer,/file-49-prime-quadruplet-cycle-alignment-test-protocol/,File_49.Prime_Quadruplet_Cycle_Alignment_Test_Protocol.md,https://490d.com/source/490d-unified-chronology/File_49.Prime_Quadruplet_Cycle_Alignment_Test_Protocol.md,Raw Markdown linked,TBD,Repository_Change_Archive,Public-clean source; trust-status equalized; raw Markdown URL live; WordPress landing page live.,Final; see in-file Status line,https://web.archive.org/web/20260707210924/https://490d.com/source/490d-unified-chronology/File_49.Prime_Quadruplet_Cycle_Alignment_Test_Protocol.md,,archive.org/details/490d-unified-chronology-corpus-2026-07; DOI 10.5281/zenodo.21250574
File_50a_50b,File_50a_50b.Prime_Quadruplet_Naturalization_Unified_Harmonic.md,Prime Quadruplet Naturalization and Unified Harmonic System — Combined Summary and Source Pointer,Prime Quadruplet Naturalization and Unified Harmonic System — Combined Summary and Source Pointer,/file-50a-50b-prime-quadruplet-naturalization-unified-harmonic/,File_50a_50b.Prime_Quadruplet_Naturalization_Unified_Harmonic.md,https://490d.com/source/490d-unified-chronology/File_50a_50b.Prime_Quadruplet_Naturalization_Unified_Harmonic.md,Raw Markdown linked,TBD,Repository_Change_Archive,Public-clean source; trust-status equalized; raw Markdown URL live; WordPress landing page live.,Final; see in-file Status line,https://web.archive.org/web/20260707201655/https://490d.com/source/490d-unified-chronology/File_50a_50b.Prime_Quadruplet_Naturalization_Unified_Harmonic.md,,archive.org/details/490d-unified-chronology-corpus-2026-07; DOI 10.5281/zenodo.21250574
File_50c,File_50c.Bipartite_Grid_Landing_SKL_Berossus_Naturalization.md,The Bipartite Grid Landing and SKL/Berossus Naturalization,The Bipartite Grid Landing and SKL/Berossus Naturalization,/file-50c-bipartite-grid-landing-skl-berossus-naturalization/,File_50c.Bipartite_Grid_Landing_SKL_Berossus_Naturalization.md,https://490d.com/source/490d-unified-chronology/File_50c.Bipartite_Grid_Landing_SKL_Berossus_Naturalization.md,Stable-source replacement prepared for v27 deployment; bounded nested Three-Gear firewall correction,TBD,Repository_Change_Archive v1.54,"August 25 2026 bounded ontology/guard correction. File_50c retains the rigid `±720` bracket as its sole executable grid operator, while a declared local `−2/0/+2` subrail may nest within an admitted macro member for comparison only. No additional target, list hit, coordinate-family identity, or statistical witness is created; source-v3.0 scan totals remain `72` silent indices, `28` hitting indices, and `16` target families.",Final; nested `±2 / ±720` firewall focused verified August 25 2026; scan inventory unchanged; current Register v1.49 / Capsule v11.48; Archive v1.54 retained / Manifest v27,https://web.archive.org/web/20260707211007/https://490d.com/source/490d-unified-chronology/File_50c.Bipartite_Grid_Landing_SKL_Berossus_Naturalization.md,,archive.org/details/490d-unified-chronology-corpus-2026-07; DOI 10.5281/zenodo.21250574
File_50d_50e,File_50d_50e.Dual_Anchor_Integration_720_Bilateral_Symmetry.md,Dual-Anchor Integration and ±720 Bilateral Symmetry — Repository Summary and External-Source Pointer,Dual-Anchor Integration and ±720 Bilateral Symmetry — Repository Summary and External-Source Pointer,/file-50d-50e-dual-anchor-integration-720-bilateral-symmetry/,File_50d_50e.Dual_Anchor_Integration_720_Bilateral_Symmetry.md,https://490d.com/source/490d-unified-chronology/File_50d_50e.Dual_Anchor_Integration_720_Bilateral_Symmetry.md,Raw Markdown linked,TBD,Repository_Change_Archive,Public-clean source; trust-status equalized; raw Markdown URL live; WordPress landing page live.,Final; see in-file Status line,https://web.archive.org/web/20260707211210/https://490d.com/source/490d-unified-chronology/File_50d_50e.Dual_Anchor_Integration_720_Bilateral_Symmetry.md,,archive.org/details/490d-unified-chronology-corpus-2026-07; DOI 10.5281/zenodo.21250574
File_51a,File_51a.Rounded_Scaffold_Mod5_Architecture.md,The Rounded Scaffold — Mod-5 Architecture Underlying Biblical Chronology,The Rounded Scaffold — Mod-5 Architecture Underlying Biblical Chronology,/file-51a-rounded-scaffold-mod5-architecture/,File_51a.Rounded_Scaffold_Mod5_Architecture.md,https://490d.com/source/490d-unified-chronology/File_51a.Rounded_Scaffold_Mod5_Architecture.md,Prepared for v21 deployment,TBD,Repository_Change_Archive v1.49 assembly package,Public-clean Rounded Scaffold controller. File_67's shared 14011/14006 labels do not collapse Rounded and actual cumulative states; its derived 971 BC Rehoboam label does not replace Rounded 971n BC.,Current coordinated File_67–File_68 release source,https://web.archive.org/web/20260707201712/https://490d.com/source/490d-unified-chronology/File_51a.Rounded_Scaffold_Mod5_Architecture.md,,archive.org/details/490d-unified-chronology-corpus-2026-07; DOI 10.5281/zenodo.21250574
File_51b,File_51b.Cross_Polarity_Mirror_Deep_Time_Translation.md,The Cross-Polarity Mirror and Deep-Time Translation Engines,The Cross-Polarity Mirror and Deep-Time Translation Engines,/file-51b-cross-polarity-mirror-deep-time-translation/,File_51b.Cross_Polarity_Mirror_Deep_Time_Translation.md,https://490d.com/source/490d-unified-chronology/File_51b.Cross_Polarity_Mirror_Deep_Time_Translation.md,Raw Markdown linked,TBD,Repository_Change_Archive,Public-clean source; trust-status equalized; raw Markdown URL live; WordPress landing page live.,Final; see in-file Status line,https://web.archive.org/web/20260707201752/https://490d.com/source/490d-unified-chronology/File_51b.Cross_Polarity_Mirror_Deep_Time_Translation.md,,archive.org/details/490d-unified-chronology-corpus-2026-07; DOI 10.5281/zenodo.21250574
File_52a,File_52a.Inverse_Number_Architecture_Rounded_Chronology.md,Inverse-Number Architecture of the Rounded Chronology,Inverse-Number Architecture of the Rounded Chronology,/file-52a-inverse-number-architecture-rounded-chronology/,File_52a.Inverse_Number_Architecture_Rounded_Chronology.md,https://490d.com/source/490d-unified-chronology/File_52a.Inverse_Number_Architecture_Rounded_Chronology.md,Raw Markdown linked,TBD,Repository_Change_Archive,Public-clean source; trust-status equalized; raw Markdown URL live; WordPress landing page live.,Final; see in-file Status line,https://web.archive.org/web/20260707211254/https://490d.com/source/490d-unified-chronology/File_52a.Inverse_Number_Architecture_Rounded_Chronology.md,,archive.org/details/490d-unified-chronology-corpus-2026-07; DOI 10.5281/zenodo.21250574
File_52b,File_52b.Inverse_Number_Architecture_Technical_Tables.md,Technical Tables for Inverse-Number Architecture and Structural Notes,Technical Tables for Inverse-Number Architecture and Structural Notes,/file-52b-inverse-number-architecture-technical-tables/,File_52b.Inverse_Number_Architecture_Technical_Tables.md,https://490d.com/source/490d-unified-chronology/File_52b.Inverse_Number_Architecture_Technical_Tables.md,Raw Markdown linked,TBD,Repository_Change_Archive,Public-clean source; trust-status equalized; raw Markdown URL live; WordPress landing page live.,Final; see in-file Status line,https://web.archive.org/web/20260707211321/https://490d.com/source/490d-unified-chronology/File_52b.Inverse_Number_Architecture_Technical_Tables.md,,archive.org/details/490d-unified-chronology-corpus-2026-07; DOI 10.5281/zenodo.21250574
File_53,File_53.Jubilees_22Fold_Creation_Genealogy_Witness.md,The Book of Jubilees as a 22-Fold Creation-Genealogy Witness,The Book of Jubilees as a 22-Fold Creation-Genealogy Witness,/file-53-jubilees-22fold-creation-genealogy-witness/,File_53.Jubilees_22Fold_Creation_Genealogy_Witness.md,https://490d.com/source/490d-unified-chronology/File_53.Jubilees_22Fold_Creation_Genealogy_Witness.md,Stable-source replacement prepared for v23 deployment,TBD,Repository_Change_Archive v1.51,"Public-clean source; raw Markdown URL and WordPress landing page live. Bounded File_62 reciprocal pointer adds Jubilees 3 as explicit `7 + 33 / 14 + 66` hermeneutical warrant and records the spine-first / divergence-second BJ reconstruction method; focused 31/31 checks PASS; prior 22-fold proof unchanged. Bounded Final File_69 reciprocal guard inserted and focused verified August 17 2026; no parent proof spine, Primary anchor, operator, or source duration changed. August 18 File_69 Jeconiah–Cainan `70+840=910` and count-clutch routing; focused reciprocal verification complete; no new full pressure test.",Final; File_62 explicit birth-law hermeneutic / BJ reconstruction pointer applied; focused 31/31 checks PASS; File_69 reciprocal pointer complete August 17 2026; File_69 August 18 reciprocal extension; Register v1.42 / Capsule v11.41 / Manifest v23,https://web.archive.org/web/20260707211830/https://490d.com/source/490d-unified-chronology/File_53.Jubilees_22Fold_Creation_Genealogy_Witness.md,,archive.org/details/490d-unified-chronology-corpus-2026-07; DOI 10.5281/zenodo.21250574
File_54,File_54.Luke_70_Year_Genealogical_Lattice.md,"Luke’s 70-Year Genealogical Lattice, the Rounded Scaffold, and the Book of Jubilees","Luke’s 70-Year Genealogical Lattice, the Rounded Scaffold, and the Book of Jubilees",/file-54-luke-70-year-genealogical-lattice/,File_54.Luke_70_Year_Genealogical_Lattice.md,https://490d.com/source/490d-unified-chronology/File_54.Luke_70_Year_Genealogical_Lattice.md,Stable-source replacement prepared for v23 deployment,TBD,Repository_Change_Archive v1.51,"Public-clean source; raw Markdown URL and WordPress landing page live. File_59 Luke-center pointer retained; bounded File_62 BJ explicit-hermeneutic / claim-status pointer applied; focused 18/18 checks PASS; no File_61/File_62 coordinate imported as File_54 proof. Bounded Final File_69 reciprocal guard inserted and focused verified August 17 2026; no parent proof spine, Primary anchor, operator, or source duration changed. August 18 File_69 Matthean `14|13|14`, `41/42`, `62/63`, and Abraham-head routing; focused reciprocal verification complete; no new full pressure test.",Final; File_62 BJ hermeneutic / claim-status reciprocal pointer applied; focused 18/18 checks PASS; File_69 reciprocal pointer complete August 17 2026; File_69 August 18 reciprocal extension; Register v1.42 / Capsule v11.41 / Manifest v23,https://web.archive.org/web/20260707211321/https://490d.com/source/490d-unified-chronology/File_54.Luke_70_Year_Genealogical_Lattice.md,,archive.org/details/490d-unified-chronology-corpus-2026-07; DOI 10.5281/zenodo.21250574
File_55,File_55.Third_Structure_Moses_Node_Primer.md,"The Third Structure — The Moses-Node Primer across Rounded, Regular, and Cumulative Biblical Chronology","The Third Structure — The Moses-Node Primer across Rounded, Regular, and Cumulative Biblical Chronology",/file-55-third-structure-moses-node-primer/,File_55.Third_Structure_Moses_Node_Primer.md,https://490d.com/source/490d-unified-chronology/File_55.Third_Structure_Moses_Node_Primer.md,Raw Markdown linked,TBD,Repository_Change_Archive,Public-clean source; trust-status equalized; raw Markdown URL live; WordPress landing page live. File_59 Joshua-threshold and terminal-pair / SKL Creation counterpart-rail reciprocal pointers applied and focused checked July 16 2026.,Final; post-final pressure tested; File_59 reciprocal pointers focused checked July 16 2026,https://web.archive.org/web/20260707201639/https://490d.com/source/490d-unified-chronology/File_55.Third_Structure_Moses_Node_Primer.md,,archive.org/details/490d-unified-chronology-corpus-2026-07; DOI 10.5281/zenodo.21250574
File_56,File_56.Creation_Decade_Protocol_SP_Enochian_Day4_Phase_Anchor.md,Creation Decade Protocol — The Enochian Day-4 Phase-Anchor of the SP Cumulative Creation,Creation Decade Protocol — The Enochian Day-4 Phase-Anchor of the SP Cumulative Creation,/file-56-creation-decade-protocol-sp-enochian-day4-phase-anchor/,File_56.Creation_Decade_Protocol_SP_Enochian_Day4_Phase_Anchor.md,https://490d.com/source/490d-unified-chronology/File_56.Creation_Decade_Protocol_SP_Enochian_Day4_Phase_Anchor.md,Raw Markdown and WordPress landing page live,TBD,Repository_Change_Archive,Public-clean source; canonical raw Markdown URL and WordPress landing page live; author-invoked Finalization July 2 2026; full pressure test complete July 6 2026; composite-head Joshua lock bounded update applied.,Final; full pressure test complete July 6 2026; composite-head Joshua lock update applied,https://web.archive.org/web/20260707201659/https://490d.com/source/490d-unified-chronology/File_56.Creation_Decade_Protocol_SP_Enochian_Day4_Phase_Anchor.md,,archive.org/details/490d-unified-chronology-corpus-2026-07; DOI 10.5281/zenodo.21250574
File_57,File_57.Biblical_List_Chronology_Template.md,"The Biblical List–Chronology Template — The Davidic Census, Issachar’s Enochian Register, and the Genesis Chronology Grammar",File_57 — The Biblical List–Chronology Template,/file-57-biblical-list-chronology-template/,File_57.Biblical_List_Chronology_Template.md,https://490d.com/source/490d-unified-chronology/File_57.Biblical_List_Chronology_Template.md,Raw Markdown and WordPress landing page live; current replacement overwrite pending,N/A — new file,Repository_Change_Archive,Public-clean canonical source and dedicated WordPress landing page live; Final and post-final pressure tested July 11 2026; File_58 routing / category-order methodology update focused pressure tested July 12 2026; bounded File_64 duration-ledger reciprocal pointer applied July 26 2026 with proof-bearing §§1–13 and Appendices A–D byte-identical and focused 32/32 checks PASS. File-specific controls remain current at State Vocabulary Register v1.35 §D.21 and Restart Capsule v11.34; no new File_57 source amendment was required by the July 27 File_64 expansion. Current replacement overwrite and post–July 2026 external capture pending.,Final; post-final pressure tested July 11 2026; File_58 update focused July 12 2026; File_64 pointer focused verified July 26 2026 — 32/32 PASS,,,"Post–July 2026 addition; not included in the July 7–9 Tier 1–5 deposits or GitHub release v2026-07; coordinated File_57–64 capture, commit/tag, deposit, and Software Heritage refresh pending."
File_58,File_58.Numbers_28_29_Tishri_Sacrificial_Ledger.md,"The Numbers 28–29 Tishri Sacrificial Ledger — Jacob, Exile, Return, and the Forty-Jubilee Hinge","File_58 — The Numbers 28–29 Tishri Sacrificial Ledger — Jacob, Exile, Return, and the Forty-Jubilee Hinge",/file-58-numbers-28-29-tishri-sacrificial-ledger/,File_58.Numbers_28_29_Tishri_Sacrificial_Ledger.md,https://490d.com/source/490d-unified-chronology/File_58.Numbers_28_29_Tishri_Sacrificial_Ledger.md,Prepared for v21 deployment,Earlier human-facing article retained as presentation and source-history layer,Repository_Change_Archive v1.49 assembly package,Canonical Final Markdown source and dedicated landing page live; post-final pressure tested July 12 2026; earlier long-form article retained as a human-facing presentation; File_57 controls the general method and File_58 controls the full Numbers 28–29 corpus treatment; post–July 2026 archive capture pending.,Current coordinated File_67–File_68 release source,,,"Post–July 2026 addition; not included in the July 7–9 Tier 1–5 deposits or GitHub release v2026-07; coordinated File_57–64 capture, commit/tag, deposit, and Software Heritage refresh pending."
File_59,File_59.Numbers_Census_Revelation_Matrix.md,"The Numbers Census–Revelation Matrix — The 604086 BC Census Head, the ±910 Babel–Sinai–Zion Rail, and the SKL/Berossus Creation–Flood Structure","File_59 — The Numbers Census–Revelation Matrix — The 604086 BC Census Head, the ±910 Babel–Sinai–Zion Rail, and the SKL/Berossus Creation–Flood Structure",/file-59-numbers-census-revelation-matrix/,File_59.Numbers_Census_Revelation_Matrix.md,https://490d.com/source/490d-unified-chronology/File_59.Numbers_Census_Revelation_Matrix.md,Raw Markdown and WordPress landing page live,N/A — new file,Repository_Change_Archive,"Canonical public-clean Markdown source and dedicated WordPress landing page live; Final and post-final pressure tested July 16 2026; bounded Quadrant-Head Revelation Ladder / Judah Restorative Pivot and Jordan-Crossing Civil Cross-Mirror amendment focused pressure tested 162/162; bounded Levitical Firstborn-Reconciliation / mod-100 amendment focused pressure tested 382/382 July 18 2026; File_60 reciprocal chronology pointer applied July 19 2026. Current companion controls are State Vocabulary Register v1.35, Restart Capsule v11.34, Project Procedures v3.5, Style Guide v2.5, and Repository Change Archive v1.44; raw-source and landing-page URLs verified; post–July 2026 external captures pending.",Final; post-final pressure tested July 16 2026; bounded Quadrant-Head / Judah / Jordan-Mirror amendment focused pressure tested; bounded Levitical Firstborn-Reconciliation / mod-100 amendment focused pressure tested July 18 2026,,,"Post–July 2026 addition; not included in the July 7–9 Tier 1–5 deposits or GitHub release v2026-07; coordinated File_57–64 capture, commit/tag, deposit, and Software Heritage refresh pending."
File_60,File_60.Levitical_Covenant_Spine_161_299_Key_of_23_Reconciliation.md,The Levitical Covenant Spine — The 161/299 Key-of-23 Reconciliation,File_60 — The Levitical Covenant Spine — The 161/299 Key-of-23 Reconciliation,/file-60-levitical-covenant-spine-161-299-key-of-23-reconciliation/,File_60.Levitical_Covenant_Spine_161_299_Key_of_23_Reconciliation.md,https://490d.com/source/490d-unified-chronology/File_60.Levitical_Covenant_Spine_161_299_Key_of_23_Reconciliation.md,Raw Markdown and WordPress landing page live,N/A — new file,Repository_Change_Archive,"Canonical public-clean Markdown source and dedicated WordPress landing page live; the July 19 Finalization, Pass 2 Verification 168/168, and 342/342 post-final pressure-test baseline remain historical; July 21 heptadic–decimal replacement amendment focused verified 175/175 with 15/15 tables, 19/19 Machine Guards, and 60/60 ledger rows; bounded File_61 Joseph-double-portion and File_62 half-scale pointers applied through July 23 2026. Downstream File_63 / expanded File_64 synthesis is routed through State Vocabulary Register v1.35 and Restart Capsule v11.34; Repository Change Archive v1.44 records the completed source/control sequence; post–July 2026 external captures pending.",Final; July 21 replacement amendment focused verified 175/175; File_61 / File_62 pointers applied through July 23 2026,,,"Post–July 2026 addition; not included in the July 7–9 Tier 1–5 deposits or GitHub release v2026-07; coordinated File_57–64 capture, commit/tag, deposit, and Software Heritage refresh pending."
File_61,File_61.Jacob_Moses_Cumulative_Regular_Root_System.md,"The Jacob–Moses Cumulative–Regular Root System — The Hidden Kohath–Amram Generations, the Fourteen-Year Clutch, Joseph’s Crossed Double Portion, and the Joshua Closure","File_61 — The Jacob–Moses Cumulative–Regular Root System — The Hidden Kohath–Amram Generations, the Fourteen-Year Clutch, Joseph’s Crossed Double Portion, and the Joshua Closure",/file-61-jacob-moses-cumulative-regular-root-system/,File_61.Jacob_Moses_Cumulative_Regular_Root_System.md,https://490d.com/source/490d-unified-chronology/File_61.Jacob_Moses_Cumulative_Regular_Root_System.md,Raw Markdown and WordPress landing page live,N/A — new file,Repository_Change_Archive,"Canonical public-clean Final Markdown source and dedicated WordPress landing page live; original July 21 Finalization and 464/464 post-final baseline retained; bounded File_62 half-clutch / Joseph-inheritance / Joshua-`216` corrective amendment focused pressure tested July 23 2026 with 2028/2028 checks, 312/312 arithmetic-ledger rows, 20/20 Markdown tables, 35/35 Machine Guards, and 556/556 code-fence markers PASS. File-specific controls remain current at State Vocabulary Register v1.35 §D.25 and Restart Capsule v11.34; File_63 and expanded File_64 are routed at §§D.27–D.28; Repository Change Archive v1.44 records final source closure; post–July 2026 external captures pending.",Final; File_62 corrective amendment focused pressure tested July 23 2026 — 2028/2028 PASS; prior 464/464 baseline retained,,,"Post–July 2026 addition; not included in the July 7–9 Tier 1–5 deposits or GitHub release v2026-07; coordinated File_57–64 capture, commit/tag, deposit, and Software Heritage refresh pending."
File_62,File_62.Half_Clutch_Birth_Law_Interface.md,"The Half-Clutch Birth-Law Interface — The ±7 Midrail at 1519 BC, Joseph’s Translated Double Portion, Moses’ Phase Pair, and the Joshua 216 Closure","File_62 — The Half-Clutch Birth-Law Interface — The ±7 Midrail at 1519 BC, Joseph’s Translated Double Portion, Moses’ Phase Pair, and the Joshua 216 Closure",/file-62-half-clutch-birth-law-interface/,File_62.Half_Clutch_Birth_Law_Interface.md,https://490d.com/source/490d-unified-chronology/File_62.Half_Clutch_Birth_Law_Interface.md,Prepared for v21 deployment,N/A — new file,Repository_Change_Archive v1.49 assembly package,"Canonical public-clean Final Markdown source and dedicated WordPress landing page live; author-invoked Finalization and full post-final pressure test completed July 23 2026; 1071/1071 checks, 115/115 arithmetic-ledger rows, 14/14 Markdown tables, 37/37 Machine Guards, and 284/284 code-fence markers PASS. Vocabulary remains current at State Vocabulary Register v1.35 §D.26 and Restart Capsule v11.34; corrected File_61 amendment focused pressure tested 2028/2028; bounded reciprocal carrier pointer to File_63 applied July 24 2026; Repository Change Archive v1.44 records the File_63/File_64 sequence and final source closure; post–July 2026 external captures pending.",Current coordinated File_67–File_68 release source,,,"Post–July 2026 addition; not included in the July 7–9 Tier 1–5 deposits or GitHub release v2026-07; coordinated File_57–64 capture, commit/tag, deposit, and Software Heritage refresh pending."
File_63,File_63.Scale_Neutral_480_483_490_Carrier.md,"The Scale-Neutral 480/483/490 Carrier — The Twelve-Male Ledger, Abraham–Temple Gestation, the Cumulative Creation–Flood Weave, and the Royal–Priestly Mirror",File_63 — The Scale-Neutral 480/483/490 Carrier,/file-63-scale-neutral-480-483-490-carrier/,File_63.Scale_Neutral_480_483_490_Carrier.md,https://490d.com/source/490d-unified-chronology/File_63.Scale_Neutral_480_483_490_Carrier.md,Stable-source replacement prepared for v24 deployment,N/A — new file,Repository_Change_Archive v1.52,"Adds non-collision routing: File_09 `2+3+2` cumulative Creation cell remains distinct from File_63 `3+2+2`, and File_09 Exodus-directed `14487→1446 = 27×483` remains distinct from File_63's Temple-directed `27×483` execution. Carrier proof unchanged.",Final; File_09 Creation-cell / `27×483` reciprocal routing applied August 20 2026; Register v1.43 / Capsule v11.42; Archive v1.52 / Manifest v24,,,"Post–July 2026 addition; not included in the July 7–9 Tier 1–5 deposits or GitHub release v2026-07; coordinated File_57–64 capture, commit/tag, deposit, and Software Heritage refresh pending."
File_64,File_64.Jephthah_Judges_Sanctuary_Nexus.md,"The Jephthah–Judges Sanctuary Nexus — The 300/299 East-Jordan Key, the 430/450/490 Duration Ledgers, and the Lesser 1016 BC Jerusalem Nexus",File_64 — The Jephthah–Judges Sanctuary Nexus,/file-64-jephthah-judges-sanctuary-nexus/,File_64.Jephthah_Judges_Sanctuary_Nexus.md,https://490d.com/source/490d-unified-chronology/File_64.Jephthah_Judges_Sanctuary_Nexus.md,Prepared for v21 deployment,N/A — new file,Repository_Change_Archive v1.49 assembly package,"Public-clean Final canonical Markdown completed July 27 2026 after the expanded Nexus amendment, paired-`930` refinement, author-invoked Finalization, and full post-final pressure test. Core substantive run 3076/3076 PASS; final closure run 3078/3078 PASS; 116/116 Appendix C rows, 190/190 atomic Appendix C operations, 318/318 body arithmetic displays, 714/714 table rows, 54/54 Markdown tables, 49 File_64-specific Machine Guards plus `[FILE MAP RESTRAINT]` = 50 total, 337/337 fenced blocks, and 67/67 protected baseline subsections verified; no proof-bearing correction or publication blocker. Expanded reciprocal updates completed in Files 04, 08, and 16; State Vocabulary Register v1.35 §D.28 and Restart Capsule v11.34 carry the full state; Repository Change Archive v1.44 records closure. Raw-source upload, index links, landing page, and external captures remain pending.",Current coordinated File_67–File_68 release source,,,"Post–July 2026 addition; not included in the July 7–9 Tier 1–5 deposits or GitHub release v2026-07; coordinated File_57–64 capture, commit/tag, deposit, and Software Heritage refresh pending."
File_65,File_65.Comparative_Open_Items_Ledger.md,"The Comparative Open-Items Ledger — The Reverse Judah Pincer, the 1876 BC Triple-430 Continuity, and the Exile–Rest Field",File_65 — The Comparative Open-Items Ledger,/file-65-comparative-open-items-ledger/,File_65.Comparative_Open_Items_Ledger.md,https://490d.com/source/490d-unified-chronology/File_65.Comparative_Open_Items_Ledger.md,Prepared for v21 deployment,N/A — new file,Repository_Change_Archive v1.49 assembly package,"Final comparative/evidence-accounting source. File_67 derives Ahaziah's 908 BC Verbatim birth label and 22+1=23 envelope downstream; File_65 retains A7/A6, 886n completed-300 head, 885n raw-299 head, and reverse Judah pincer.",Current coordinated File_67–File_68 release source,,,Post–July 2026 addition; not included in the July preservation deposits or release v2026-07; coordinated capture/deposit refresh pending.
File_66,File_66.Dial_of_Ahaz_Hezekiah_Jerusalem_Fifth_Expansion.md,The Dial of Ahaz and the Hezekiah–Jerusalem Fifth Expansion,File_66 — The Dial of Ahaz and the Hezekiah–Jerusalem Fifth Expansion,/file-66-dial-of-ahaz-hezekiah-jerusalem-fifth-expansion/,File_66.Dial_of_Ahaz_Hezekiah_Jerusalem_Fifth_Expansion.md,https://490d.com/source/490d-unified-chronology/File_66.Dial_of_Ahaz_Hezekiah_Jerusalem_Fifth_Expansion.md,Prepared for v21 deployment,N/A — new file,Repository_Change_Archive v1.49 assembly package,"File_66 remains parent controller of the Dial sign engine, Actual/Verbatim chronology, A7/A6, modulus-11 statistics, 185000/185150, Ramesside-origin Appendix F, and Mirror Appendix G. Final File_67 controls only downstream flanking-kings, boundary-kings, cumulative-hub, translated-480, and appendix applications.",Current coordinated File_67–File_68 release source,,,Post–July 2026 addition; not included in the July preservation deposits or release v2026-07; coordinated capture/deposit refresh pending.
File_67,File_67.Flanking_Kings_Hezekiah_Sign.md,The Flanking Kings of the Hezekiah Sign,File_67 — The Flanking Kings of the Hezekiah Sign,/file_67-the-flanking-kings-of-the-hezekiah-sign/,File_67.Flanking_Kings_Hezekiah_Sign.md,https://490d.com/source/490d-unified-chronology/File_67.Flanking_Kings_Hezekiah_Sign.md,Prepared for v21 deployment,N/A — new file,Repository_Change_Archive v1.49 assembly package,Final File_67 plus cumulative hub-pair amendment and File_68 reciprocal routing; prior full post-final pressure-test baseline retained and later bounded updates focused verified.,Final; File_68 reciprocal sync; v21 release,,,August 2026 recapture pending; July custody records historical
File_68,File_68.Enochic_Seven_Week_Core.md,The Enochic Seven-Week Core,File_68 — The Enochic Seven-Week Core,/file_68-the-enochic-seven-week-core/,File_68.Enochic_Seven_Week_Core.md,https://490d.com/source/490d-unified-chronology/File_68.Enochic_Seven_Week_Core.md,Stable-source replacement prepared for v23 deployment,N/A — new file,Repository_Change_Archive v1.51,"Final File_68: 1581 arithmetic rows; 453 controls; 66 guards; Renewed Independent Pass 2 4324/4324 PASS; common AD 65 terminal; no additional full Pressure Test by author decision. Bounded Final File_69 reciprocal guard inserted and focused verified August 17 2026; no parent proof spine, Primary anchor, operator, or source duration changed. August 18 File_69 downstream Matthean/covenant/center routing; focused reciprocal verification complete; no new full pressure test.",Final; File_68 control-synchronized v21 source; File_69 reciprocal pointer complete August 17 2026; File_69 August 18 reciprocal extension; Register v1.42 / Capsule v11.41 / Manifest v23,,,August 2026 recapture pending; July custody records historical
File_69,File_69.Enoch_Centered_Genealogical_Accordion.md,The Enoch-Centered Genealogical Accordion,File_69 — The Enoch-Centered Genealogical Accordion,/file_69-the-enoch-centered-genealogical-accordion/,File_69.Enoch_Centered_Genealogical_Accordion.md,https://490d.com/source/490d-unified-chronology/File_69.Enoch_Centered_Genealogical_Accordion.md,Stable-source reciprocal replacement prepared for v25 deployment; live publication pending,N/A — new file,Repository_Change_Archive v1.53,"Bounded Final File_70 reciprocal routing added August 22 2026. File_69 remains the immediate parent for the Genesis *toledot–shemot* and regular-MT accordion; File_70 uses its first-*toledot* hinge, Terah `70+70` center, Creation rails, and Gear-2 Enoch co-registration downstream. Focused reciprocal verification complete; no File_70-local coordinate or narrative synthesis enters File_69 Primary anchors or replaces its proof spine.",Final; File_70 reciprocal pointer complete August 22 2026; Register v1.45 / Capsule v11.44 / Archive v1.53 / Manifest v25,,,Post–July 2026 addition; not included in the July preservation deposits or release v2026-07; File_69-inclusive August capture/deposit refresh pending.
File_70,File_70.Genesis_Toledot_Atonement_Weave.md,The Genesis Toledot Atonement Weave,File_70 — The Genesis Toledot Atonement Weave,/file_70-the-genesis-toledot-atonement-weave/,File_70.Genesis_Toledot_Atonement_Weave.md,https://490d.com/source/490d-unified-chronology/File_70.Genesis_Toledot_Atonement_Weave.md,Stable-source reciprocal replacement prepared for v28 deployment; File_70 landing-page reciprocal link to Supplement A prepared; live deployment and derived publication refresh pending,N/A — new file,Repository_Change_Archive v1.54,"Final File_70 macro-capstone, August 25 2026; the `380/380` canonical proof body remains unchanged. Expanded Final Supplement A reciprocal routing applied August 28 2026; the previous reciprocal guard is replaced in place, leaving `58/58` current File_70 guards. File_70 now routes the Supplement's four-node Enochian–SKL reconciliation, `4346 BC` MT common-parent, cumulative–Danielic completion, and bounded LXX corroboration as a separate subordinate canonical proof. No File_70 equation, Primary anchor, node class, operator, or principal conclusion changes.",Final; August 25 full pressure test remains current; expanded Supplement A reciprocal routing focused verified August 28 2026; Register v1.51 / Capsule v11.50; Archive v1.54 retained pending separate archive refresh / Manifest v28,,,Post–July 2026 addition; not included in the July preservation deposits or release v2026-07; File_70/Supplement-A-inclusive August capture/deposit refresh pending.
File_70_Supplement_A,File_70_Supplement_A.Key_of_23_Fine_Resolution_720_30_Rail.md,The Key-of-23 Fine Resolution of the 720/30 Rail,File_70 Supplement A — The Key-of-23 Fine Resolution of the 720/30 Rail,/file_70-supplement-a-the-key-of-23-fine-resolution-of-the-720-30-rail/,File_70_Supplement_A.Key_of_23_Fine_Resolution_720_30_Rail.md,https://490d.com/source/490d-unified-chronology/File_70_Supplement_A.Key_of_23_Fine_Resolution_720_30_Rail.md,New stable-source addition prepared for v28 deployment; index entry and WordPress landing page prepared; live deployment and external recapture pending,N/A — new supplement,Repository_Change_Archive v1.54,"Expanded Final Supplement A, August 28 2026. Primary synthesis: four-node Enochian–SKL reconciliation `2946/2916/2906/2876 BC`; MT common operator-parent `4346 BC`; repeated `1470` reconciliation ladder; cumulative–Pillar co-registration; Danielic `490+4340+35+35=4900` seam; and bounded LXX corroboration through `30|1410|30`, `1380=690+690`, and the Appendix-led `5846→5816` leveling conjecture. Independent Pass 2 and the combined pressure test verify `446/446` canonical rows; `53/53` Machine Guards are centrally registered. No generated coordinate is promoted to the repository Primary-anchor inventory.",Final; expanded author-invoked Finalization August 28 2026; combined pressure test current; Register v1.51 / Capsule v11.50; affected-only review complete; File_70 reciprocal route complete; Archive v1.54 retained pending separate archive refresh / Manifest v28,,,Post–July 2026 addition; not included in the July preservation deposits or release v2026-07; Supplement-A-inclusive August capture/deposit refresh pending.
Control_State_Vocabulary_Register,State_Vocabulary_Register.md,State Vocabulary Register (current edition),Control Documents page,/control-documents/,State_Vocabulary_Register.md,https://490d.com/source/490d-unified-chronology/control/State_Vocabulary_Register.md,Stable-alias replacement prepared for v28 deployment: v1.51,Old versioned control URL (301 redirect),Repository_Change_Archive v1.54,"Expanded Final Supplement A registration. Part D §D.41 registers the `17` reopening guards and one replacement File_70 reciprocal guard; inherited Supplement guards at §D.40 remain intact. Complete current inventories are Supplement A `53/53` and File_70 `58/58`. No arithmetic, Primary anchor, source chronology, calendar definition, Mirror formula, or parent dependency burden changes.",v1.51 — Expanded Final Supplement A / File_70 reciprocal registration; Archive v1.54 retained / Manifest v28,https://web.archive.org/web/20260707211716/https://490d.com/source/490d-unified-chronology/control/State_Vocabulary_Register.md,https://archive.ph/85khv,Supplement-A-inclusive August recapture pending; July custody records historical
Control_Restart_Capsule,Restart_Capsule.md,Restart Capsule (current edition),Control Documents page,/control-documents/,Restart_Capsule.md,https://490d.com/source/490d-unified-chronology/control/Restart_Capsule.md,Stable-alias replacement prepared for v28 deployment: v11.50,Old versioned control URL (301 redirect),Repository_Change_Archive v1.54,"Routes the expanded Final Supplement A and current reciprocal File_70 state at §10.28. Preserves the August 25 File_70 proof-trust basis separately from the August 28 Supplement pressure-tested Final, preserves the repository Primary-anchor line, and retains the `5846→5816 BC` LXX leveling as Appendix-led conjecture only.",v11.50 — Expanded Final Supplement A / File_70 reciprocal routing; Archive v1.54 retained / Manifest v28,https://web.archive.org/web/20260707205049/https://490d.com/source/490d-unified-chronology/control/Restart_Capsule.md,https://archive.ph/XUMee,Supplement-A-inclusive August recapture pending; July custody records historical
Control_Style_Guide,490d_Repository_Style_Guide.md,490d Repository Style Guide (current edition),Control Documents page,/control-documents/,490d_Repository_Style_Guide.md,https://490d.com/source/490d-unified-chronology/control/490d_Repository_Style_Guide.md,Pointer-only stable-alias replacement prepared for v28 deployment; v2.5 retained,Old versioned control URL (301 redirect),Repository_Change_Archive v1.54,"Pointer-only refresh records Register v1.51 / Capsule v11.50 and the expanded Final Supplement A / File_70 reciprocal trust state. No Style Guide rule, terminology standard, Machine Guard format, arithmetic control, workflow rule, publication policy, or dependency boundary changes.",v2.5 retained; expanded Supplement A pointer refresh; Register v1.51 / Capsule v11.50; Archive v1.54 retained / Manifest v28,https://web.archive.org/web/20260707201701/https://490d.com/source/490d-unified-chronology/control/490d_Repository_Style_Guide.md,https://archive.ph/Wo8Ss,Supplement-A-inclusive August recapture pending; July custody records historical
Control_Project_Procedures,Project_Procedures.md,Project Procedures (current edition),Control Documents page,/control-documents/,Project_Procedures.md,https://490d.com/source/490d-unified-chronology/control/Project_Procedures.md,Pointer-only stable-alias replacement prepared for v28 deployment; v3.5 retained,Old versioned control URL (301 redirect),Repository_Change_Archive v1.54,"Pointer-only refresh records Register v1.51 / Capsule v11.50 and the expanded Final Supplement A / File_70 reciprocal trust state. No workflow pass, procedural rule, invariant, Machine Guard, publication policy, archival protocol, or dependency boundary changes.",v3.5 retained; expanded Supplement A pointer refresh; Register v1.51 / Capsule v11.50; Archive v1.54 retained / Manifest v28,https://web.archive.org/web/20260707205826/https://490d.com/source/490d-unified-chronology/control/Project_Procedures.md,https://archive.ph/4BXan,Supplement-A-inclusive August recapture pending; July custody records historical
Archive_Repository_Change_Archive,Repository_Change_Archive.md,Repository Change Archive (current edition; non-controlling history),Control Documents page,/control-documents/,Repository_Change_Archive.md,https://490d.com/source/490d-unified-chronology/archive/Repository_Change_Archive.md,Repository Change Archive v1.54 retained as prior non-controlling history; separate refresh pending,TBD,Repository_Change_Archive v1.54,"v1.54 remains the latest supplied full archive replacement. It predates the August 28 expanded Supplement A Finalization/registration, the v1.51/v11.50 reciprocal-routing closure, and the v28 publication-layer work; no archive rewrite is performed in this task.",v1.54 retained; Manifest v28 is ahead of archive history pending a separate archive update,https://web.archive.org/web/20260707201657/https://490d.com/source/490d-unified-chronology/archive/Repository_Change_Archive.md,https://archive.ph/clM7d,Expanded Supplement A / reciprocal-routing archive addendum or full replacement pending; July custody records historical
Deposit_Tier1,,Internet Archive August 2026 edition of record,,,,,New item/update metadata pending; upload not performed,,,"Current July 2026 item remains historical. Manifest v28 records expanded Final Supplement A, the reciprocal File_70 replacement, Register v1.51 / Capsule v11.50, and retained prior Archive v1.54; live deployment and Internet Archive refresh are not performed or claimed.",August 2026 v28 manifest state,,,archive.org/details/490d-unified-chronology-corpus-2026-08
Deposit_Tier1b,,Zenodo citable August 2026 edition,,,,,New-version metadata pending; deposit not performed,,,"Founding DOI remains historical lineage. Manifest v28 records the expanded Final Supplement A / File_70 reciprocal and control state, but no new Zenodo deposit is performed or claimed.",August 2026 v28 manifest state,,,DOI pending
Deposit_Tier3,,Wayback and archive.today recapture,,,,,Pending after live deployment,,,Wayback and archive.today recapture remain pending after live deployment. This task regenerates Manifest v28 only; Repository Change Archive v1.54 is retained pending a separate archive refresh.,August 2026 v28 manifest state,,,Capture URLs pending
Deposit_Tier4_GitHub,,GitHub July 2026 mirror — historical/outdated,,,,,No current release operation,,,Explicitly excluded from the current operation; retained only as historical custody.,August 2026 v28 manifest state,,,Historical only
Deposit_Tier5_SoftwareHeritage,,Software Heritage July 2026 capture — historical/outdated,,,,,No current release operation,,,Historical GitHub-derived capture retained; no current refresh operation.,August 2026 v28 manifest state,,,Historical only
